-- Adminer 4.7.7 MySQL dump

SET NAMES utf8;
SET time_zone = '+00:00';
SET foreign_key_checks = 0;
SET sql_mode = 'NO_AUTO_VALUE_ON_ZERO';



DROP TABLE IF EXISTS `garam_gudang`;
CREATE TABLE `garam_gudang` (
  `id_garam_gudang` int(11) NOT NULL AUTO_INCREMENT,
  `gudang_id` int(11) NOT NULL,
  `kualitas_id` int(11) NOT NULL,
  `stok` float NOT NULL DEFAULT '0',
  `keluar` float NOT NULL,
  `masuk` float NOT NULL,
  `created_at` timestamp NULL DEFAULT NULL,
  `created_by` int(11) DEFAULT NULL,
  `updated_at` timestamp NULL DEFAULT NULL,
  `updated_by` int(11) DEFAULT NULL,
  PRIMARY KEY (`id_garam_gudang`),
  KEY `kualitas_id` (`kualitas_id`),
  KEY `gudang_id` (`gudang_id`),
  CONSTRAINT `garam_gudang_ibfk_3` FOREIGN KEY (`kualitas_id`) REFERENCES `m_kualitas` (`id_kualitas`) ON DELETE CASCADE,
  CONSTRAINT `garam_gudang_ibfk_4` FOREIGN KEY (`gudang_id`) REFERENCES `m_gudang` (`id_gudang`) ON DELETE CASCADE
) ENGINE=InnoDB AUTO_INCREMENT=143 DEFAULT CHARSET=latin1;

INSERT INTO `garam_gudang` (`id_garam_gudang`, `gudang_id`, `kualitas_id`, `stok`, `keluar`, `masuk`, `created_at`, `created_by`, `updated_at`, `updated_by`) VALUES
(9,	19,	1,	0,	0,	0,	'2020-07-12 01:08:49',	1,	NULL,	NULL),
(10,	19,	2,	0,	300000,	300000,	'2020-07-12 01:08:49',	1,	NULL,	NULL),
(11,	19,	3,	0,	0,	0,	'2020-07-12 01:08:49',	1,	NULL,	NULL),
(12,	19,	4,	0,	0,	0,	'2020-07-12 01:08:49',	1,	NULL,	NULL),
(13,	20,	1,	641000,	159000,	800000,	'2020-07-12 01:15:00',	1,	NULL,	NULL),
(14,	20,	2,	306000,	394000,	700000,	'2020-07-12 01:15:00',	1,	NULL,	NULL),
(15,	20,	3,	0,	0,	0,	'2020-07-12 01:15:00',	1,	NULL,	NULL),
(16,	20,	4,	0,	0,	0,	'2020-07-12 01:15:00',	1,	NULL,	NULL),
(25,	23,	1,	0,	0,	0,	'2020-07-14 09:50:32',	1,	NULL,	NULL),
(26,	23,	2,	0,	150000,	150000,	'2020-07-14 09:50:32',	1,	NULL,	NULL),
(27,	23,	3,	0,	0,	0,	'2020-07-14 09:50:32',	1,	NULL,	NULL),
(28,	23,	4,	0,	0,	0,	'2020-07-14 09:50:32',	1,	NULL,	NULL),
(29,	24,	1,	0,	0,	0,	'2020-07-14 09:57:33',	1,	NULL,	NULL),
(30,	24,	2,	0,	1150000,	1150000,	'2020-07-14 09:57:33',	1,	NULL,	NULL),
(31,	24,	3,	0,	0,	0,	'2020-07-14 09:57:33',	1,	NULL,	NULL),
(32,	24,	4,	0,	0,	0,	'2020-07-14 09:57:33',	1,	NULL,	NULL),
(33,	25,	1,	0,	0,	0,	'2020-07-14 09:58:29',	1,	NULL,	NULL),
(34,	25,	2,	587000,	1113000,	1700000,	'2020-07-14 09:58:29',	1,	NULL,	NULL),
(35,	25,	3,	0,	0,	0,	'2020-07-14 09:58:29',	1,	NULL,	NULL),
(36,	25,	4,	0,	0,	0,	'2020-07-14 09:58:29',	1,	NULL,	NULL),
(37,	26,	1,	152500,	2347500,	2500000,	'2020-07-14 19:39:14',	1,	NULL,	NULL),
(38,	26,	2,	0,	0,	0,	'2020-07-14 19:39:14',	1,	NULL,	NULL),
(39,	26,	3,	0,	0,	0,	'2020-07-14 19:39:14',	1,	NULL,	NULL),
(40,	26,	4,	0,	0,	0,	'2020-07-14 19:39:14',	1,	NULL,	NULL),
(41,	27,	1,	200000,	0,	200000,	'2020-07-22 22:02:30',	1,	NULL,	NULL),
(42,	27,	2,	0,	0,	0,	'2020-07-22 22:02:30',	1,	NULL,	NULL),
(43,	27,	3,	0,	0,	0,	'2020-07-22 22:02:30',	1,	NULL,	NULL),
(44,	27,	4,	0,	0,	0,	'2020-07-22 22:02:30',	1,	NULL,	NULL),
(49,	29,	1,	1180000,	70000,	1250000,	'2020-07-23 01:08:32',	1,	NULL,	NULL),
(50,	29,	2,	0,	0,	0,	'2020-07-23 01:08:32',	1,	NULL,	NULL),
(51,	29,	3,	0,	0,	0,	'2020-07-23 01:08:32',	1,	NULL,	NULL),
(52,	29,	4,	0,	0,	0,	'2020-07-23 01:08:32',	1,	NULL,	NULL),
(53,	30,	1,	0,	0,	0,	'2020-07-23 20:39:07',	1,	NULL,	NULL),
(54,	30,	2,	0,	0,	0,	'2020-07-23 20:39:07',	1,	NULL,	NULL),
(55,	30,	3,	1200000,	0,	1200000,	'2020-07-23 20:39:07',	1,	NULL,	NULL),
(56,	30,	4,	0,	0,	0,	'2020-07-23 20:39:07',	1,	NULL,	NULL),
(57,	31,	1,	0,	0,	0,	'2020-07-23 20:39:39',	1,	NULL,	NULL),
(58,	31,	2,	0,	0,	0,	'2020-07-23 20:39:39',	1,	NULL,	NULL),
(59,	31,	3,	290000,	210000,	500000,	'2020-07-23 20:39:39',	1,	NULL,	NULL),
(60,	31,	4,	0,	0,	0,	'2020-07-23 20:39:39',	1,	NULL,	NULL),
(65,	33,	1,	0,	0,	0,	'2020-07-23 20:39:56',	1,	NULL,	NULL),
(66,	33,	2,	0,	0,	0,	'2020-07-23 20:39:56',	1,	NULL,	NULL),
(67,	33,	3,	300000,	0,	300000,	'2020-07-23 20:39:56',	1,	NULL,	NULL),
(68,	33,	4,	0,	0,	0,	'2020-07-23 20:39:56',	1,	NULL,	NULL),
(73,	35,	1,	0,	0,	0,	'2020-07-25 22:44:41',	1,	NULL,	NULL),
(74,	35,	2,	0,	0,	0,	'2020-07-25 22:44:41',	1,	NULL,	NULL),
(75,	35,	3,	0,	0,	0,	'2020-07-25 22:44:41',	1,	NULL,	NULL),
(76,	35,	4,	0,	0,	0,	'2020-07-25 22:44:41',	1,	NULL,	NULL),
(125,	36,	1,	0,	0,	0,	'2020-08-10 06:49:47',	1,	NULL,	NULL),
(126,	36,	2,	0,	0,	0,	'2020-08-10 06:49:47',	1,	NULL,	NULL),
(127,	36,	3,	15000000,	40,	15000000,	'2020-08-10 06:49:47',	1,	NULL,	NULL),
(128,	36,	4,	0,	0,	0,	'2020-08-10 06:49:47',	1,	NULL,	NULL),
(132,	37,	1,	0,	0,	0,	'2020-08-10 09:08:14',	1,	NULL,	NULL),
(133,	37,	2,	0,	0,	0,	'2020-08-10 09:08:14',	1,	NULL,	NULL),
(134,	37,	3,	350000,	0,	350000,	'2020-08-10 09:08:14',	1,	NULL,	NULL),
(135,	37,	4,	0,	0,	0,	'2020-08-10 09:08:14',	1,	NULL,	NULL),
(139,	38,	1,	0,	0,	0,	'2020-08-10 09:09:45',	1,	NULL,	NULL),
(140,	38,	2,	0,	0,	0,	'2020-08-10 09:09:45',	1,	NULL,	NULL),
(141,	38,	3,	1500000,	0,	1500000,	'2020-08-10 09:09:45',	1,	NULL,	NULL),
(142,	38,	4,	0,	0,	0,	'2020-08-10 09:09:45',	1,	NULL,	NULL);

DROP TABLE IF EXISTS `garam_mutasi`;
CREATE TABLE `garam_mutasi` (
  `id_garam_mutasi` int(11) NOT NULL AUTO_INCREMENT,
  `garam_gudang_id` int(11) NOT NULL,
  `tipe` char(3) NOT NULL,
  `jumlah` float NOT NULL,
  `saldo` float NOT NULL,
  `referensi_id` int(11) NOT NULL,
  `created_at` timestamp NULL DEFAULT NULL,
  `created_by` int(11) DEFAULT NULL,
  `updated_at` timestamp NULL DEFAULT NULL,
  `updated_by` int(11) DEFAULT NULL,
  PRIMARY KEY (`id_garam_mutasi`),
  KEY `kualitas_id` (`tipe`),
  KEY `garam_kualitas_id` (`garam_gudang_id`),
  CONSTRAINT `garam_mutasi_ibfk_2` FOREIGN KEY (`garam_gudang_id`) REFERENCES `garam_gudang` (`id_garam_gudang`) ON DELETE CASCADE
) ENGINE=InnoDB AUTO_INCREMENT=1401 DEFAULT CHARSET=latin1;

INSERT INTO `garam_mutasi` (`id_garam_mutasi`, `garam_gudang_id`, `tipe`, `jumlah`, `saldo`, `referensi_id`, `created_at`, `created_by`, `updated_at`, `updated_by`) VALUES
(748,	14,	'in',	700000,	0,	2,	'2020-07-12 00:56:37',	NULL,	NULL,	NULL),
(749,	10,	'in',	300000,	0,	3,	'2020-07-12 00:56:55',	NULL,	NULL,	NULL),
(750,	34,	'in',	700000,	0,	7,	'2020-07-14 00:53:21',	NULL,	NULL,	NULL),
(751,	30,	'in',	150000,	0,	8,	'2020-05-19 00:54:34',	NULL,	NULL,	NULL),
(752,	26,	'in',	150000,	0,	9,	'2020-05-19 00:55:36',	NULL,	NULL,	NULL),
(753,	30,	'in',	1000000,	0,	10,	'2020-06-19 00:55:05',	NULL,	NULL,	NULL),
(754,	37,	'in',	1500000,	0,	15,	'2020-06-08 00:57:47',	NULL,	NULL,	NULL),
(755,	37,	'in',	1000000,	0,	16,	'2020-05-13 11:40:03',	NULL,	NULL,	NULL),
(756,	13,	'in',	800000,	0,	18,	'2020-07-22 05:01:26',	NULL,	NULL,	NULL),
(757,	41,	'in',	200000,	0,	19,	'2020-07-22 05:03:34',	NULL,	NULL,	NULL),
(758,	49,	'in',	1250000,	0,	20,	'2020-07-22 08:09:08',	NULL,	NULL,	NULL),
(759,	55,	'in',	1000000,	0,	21,	'2020-05-15 03:41:06',	NULL,	NULL,	NULL),
(760,	55,	'in',	200000,	0,	22,	'2020-06-23 03:43:18',	NULL,	NULL,	NULL),
(761,	59,	'in',	500000,	0,	23,	'2020-06-23 03:43:52',	NULL,	NULL,	NULL),
(762,	67,	'in',	300000,	0,	24,	'2020-06-23 03:44:59',	NULL,	NULL,	NULL),
(763,	34,	'in',	1000000,	0,	25,	'2020-07-29 03:19:37',	NULL,	NULL,	NULL),
(764,	141,	'in',	1500000,	0,	30,	'2020-08-13 04:18:09',	NULL,	NULL,	NULL),
(765,	134,	'in',	350000,	0,	31,	'2020-08-13 04:20:27',	NULL,	NULL,	NULL),
(766,	127,	'in',	15000000,	0,	32,	'2020-08-13 05:00:09',	NULL,	NULL,	NULL),
(1083,	10,	'out',	10000,	0,	2,	'2020-07-12 04:29:01',	NULL,	NULL,	NULL),
(1084,	10,	'out',	10000,	0,	3,	'2020-07-12 04:29:21',	NULL,	NULL,	NULL),
(1085,	10,	'out',	10000,	0,	4,	'2020-07-12 04:29:30',	NULL,	NULL,	NULL),
(1086,	10,	'out',	10000,	0,	5,	'2020-07-12 04:29:40',	NULL,	NULL,	NULL),
(1087,	10,	'out',	25000,	0,	7,	'2020-07-13 04:30:17',	NULL,	NULL,	NULL),
(1088,	10,	'out',	21500,	0,	8,	'2020-07-13 04:30:48',	NULL,	NULL,	NULL),
(1089,	34,	'out',	10000,	0,	9,	'2020-05-17 01:03:48',	NULL,	NULL,	NULL),
(1090,	34,	'out',	10000,	0,	12,	'2020-05-17 01:04:07',	NULL,	NULL,	NULL),
(1091,	34,	'out',	10000,	0,	14,	'2020-05-17 01:04:47',	NULL,	NULL,	NULL),
(1092,	34,	'out',	10000,	0,	15,	'2020-05-17 01:04:58',	NULL,	NULL,	NULL),
(1093,	34,	'out',	10000,	0,	16,	'2020-05-17 01:04:29',	NULL,	NULL,	NULL),
(1094,	34,	'out',	10000,	0,	17,	'2020-05-18 01:06:23',	NULL,	NULL,	NULL),
(1095,	34,	'out',	10000,	0,	18,	'2020-05-18 01:06:37',	NULL,	NULL,	NULL),
(1096,	34,	'out',	10000,	0,	19,	'2020-05-18 01:06:02',	NULL,	NULL,	NULL),
(1097,	34,	'out',	10000,	0,	20,	'2020-05-18 01:05:28',	NULL,	NULL,	NULL),
(1098,	34,	'out',	10000,	0,	21,	'2020-05-18 01:06:59',	NULL,	NULL,	NULL),
(1099,	34,	'out',	10000,	0,	25,	'2020-05-27 01:08:32',	NULL,	NULL,	NULL),
(1100,	34,	'out',	10000,	0,	26,	'2020-05-27 01:07:18',	NULL,	NULL,	NULL),
(1101,	34,	'out',	10000,	0,	27,	'2020-05-27 01:07:40',	NULL,	NULL,	NULL),
(1102,	34,	'out',	10000,	0,	28,	'2020-05-27 01:07:57',	NULL,	NULL,	NULL),
(1103,	34,	'out',	10000,	0,	29,	'2020-05-27 01:08:15',	NULL,	NULL,	NULL),
(1104,	34,	'out',	10000,	0,	30,	'2020-05-28 01:09:06',	NULL,	NULL,	NULL),
(1105,	34,	'out',	10000,	0,	31,	'2020-05-28 01:09:24',	NULL,	NULL,	NULL),
(1106,	34,	'out',	10000,	0,	32,	'2020-05-28 01:10:00',	NULL,	NULL,	NULL),
(1107,	34,	'out',	10000,	0,	33,	'2020-05-28 01:10:23',	NULL,	NULL,	NULL),
(1108,	34,	'out',	10000,	0,	34,	'2020-05-28 01:10:45',	NULL,	NULL,	NULL),
(1109,	34,	'out',	10000,	0,	35,	'2020-05-29 01:11:12',	NULL,	NULL,	NULL),
(1110,	34,	'out',	10000,	0,	36,	'2020-06-01 01:11:36',	NULL,	NULL,	NULL),
(1111,	34,	'out',	10000,	0,	37,	'2020-06-01 01:11:52',	NULL,	NULL,	NULL),
(1112,	34,	'out',	10000,	0,	38,	'2020-06-01 01:12:14',	NULL,	NULL,	NULL),
(1113,	34,	'out',	10000,	0,	39,	'2020-06-01 01:12:31',	NULL,	NULL,	NULL),
(1114,	34,	'out',	10000,	0,	40,	'2020-06-01 01:13:04',	NULL,	NULL,	NULL),
(1115,	34,	'out',	10000,	0,	41,	'2020-06-02 01:12:48',	NULL,	NULL,	NULL),
(1116,	34,	'out',	10000,	0,	42,	'2020-06-02 01:13:24',	NULL,	NULL,	NULL),
(1117,	34,	'out',	10000,	0,	43,	'2020-06-02 01:13:41',	NULL,	NULL,	NULL),
(1118,	34,	'out',	10000,	0,	44,	'2020-06-02 01:07:04',	NULL,	NULL,	NULL),
(1119,	34,	'out',	10000,	0,	45,	'2020-06-02 01:14:43',	NULL,	NULL,	NULL),
(1120,	34,	'out',	10000,	0,	46,	'2020-06-02 01:15:07',	NULL,	NULL,	NULL),
(1121,	34,	'out',	10000,	0,	47,	'2020-06-03 01:15:58',	NULL,	NULL,	NULL),
(1122,	34,	'out',	10000,	0,	48,	'2020-06-03 01:16:23',	NULL,	NULL,	NULL),
(1123,	34,	'out',	10000,	0,	49,	'2020-06-03 01:16:45',	NULL,	NULL,	NULL),
(1124,	34,	'out',	10000,	0,	50,	'2020-06-03 01:17:06',	NULL,	NULL,	NULL),
(1125,	34,	'out',	10000,	0,	51,	'2020-06-04 01:17:24',	NULL,	NULL,	NULL),
(1126,	34,	'out',	10000,	0,	52,	'2020-06-04 01:17:43',	NULL,	NULL,	NULL),
(1127,	34,	'out',	10000,	0,	53,	'2020-06-04 01:18:03',	NULL,	NULL,	NULL),
(1128,	34,	'out',	10000,	0,	54,	'2020-06-04 01:18:30',	NULL,	NULL,	NULL),
(1129,	34,	'out',	10000,	0,	55,	'2020-06-04 01:18:56',	NULL,	NULL,	NULL),
(1130,	34,	'out',	10000,	0,	56,	'2020-06-04 01:24:41',	NULL,	NULL,	NULL),
(1131,	34,	'out',	20000,	0,	72,	'2020-06-09 01:22:34',	NULL,	NULL,	NULL),
(1132,	37,	'out',	22000,	0,	74,	'2020-06-08 04:14:04',	NULL,	NULL,	NULL),
(1133,	37,	'out',	22000,	0,	75,	'2020-06-08 04:13:52',	NULL,	NULL,	NULL),
(1134,	37,	'out',	21200,	0,	76,	'2020-06-08 04:13:41',	NULL,	NULL,	NULL),
(1135,	37,	'out',	21200,	0,	77,	'2020-06-08 04:13:31',	NULL,	NULL,	NULL),
(1136,	37,	'out',	21200,	0,	78,	'2020-06-08 04:13:10',	NULL,	NULL,	NULL),
(1137,	37,	'out',	21200,	0,	79,	'2020-06-08 04:13:00',	NULL,	NULL,	NULL),
(1138,	37,	'out',	21200,	0,	80,	'2020-06-08 04:12:50',	NULL,	NULL,	NULL),
(1139,	37,	'out',	22000,	0,	81,	'2020-06-10 04:12:06',	NULL,	NULL,	NULL),
(1140,	37,	'out',	10000,	0,	82,	'2020-06-10 04:11:48',	NULL,	NULL,	NULL),
(1141,	37,	'out',	35000,	0,	83,	'2020-06-14 04:09:47',	NULL,	NULL,	NULL),
(1142,	37,	'out',	35000,	0,	84,	'2020-06-14 04:09:35',	NULL,	NULL,	NULL),
(1143,	37,	'out',	10000,	0,	85,	'2020-06-14 04:09:21',	NULL,	NULL,	NULL),
(1144,	37,	'out',	24000,	0,	86,	'2020-06-14 04:09:10',	NULL,	NULL,	NULL),
(1145,	37,	'out',	22500,	0,	87,	'2020-06-15 04:08:28',	NULL,	NULL,	NULL),
(1146,	37,	'out',	22500,	0,	88,	'2020-06-15 04:08:18',	NULL,	NULL,	NULL),
(1147,	37,	'out',	22500,	0,	89,	'2020-06-15 04:08:02',	NULL,	NULL,	NULL),
(1148,	37,	'out',	36500,	0,	90,	'2020-06-15 04:07:48',	NULL,	NULL,	NULL),
(1149,	37,	'out',	35000,	0,	91,	'2020-06-22 04:06:40',	NULL,	NULL,	NULL),
(1150,	37,	'out',	35000,	0,	92,	'2020-06-22 04:06:29',	NULL,	NULL,	NULL),
(1151,	37,	'out',	35000,	0,	93,	'2020-06-22 04:06:19',	NULL,	NULL,	NULL),
(1152,	37,	'out',	25000,	0,	94,	'2020-06-22 04:06:06',	NULL,	NULL,	NULL),
(1153,	37,	'out',	35000,	0,	95,	'2020-06-28 03:59:09',	NULL,	NULL,	NULL),
(1154,	37,	'out',	21500,	0,	96,	'2020-06-28 03:59:33',	NULL,	NULL,	NULL),
(1155,	37,	'out',	21500,	0,	97,	'2020-06-28 03:59:56',	NULL,	NULL,	NULL),
(1156,	37,	'out',	21500,	0,	98,	'2020-06-28 04:00:30',	NULL,	NULL,	NULL),
(1157,	37,	'out',	35000,	0,	99,	'2020-06-28 04:00:43',	NULL,	NULL,	NULL),
(1158,	37,	'out',	21500,	0,	100,	'2020-06-28 03:58:51',	NULL,	NULL,	NULL),
(1159,	37,	'out',	30000,	0,	101,	'2020-06-29 04:01:56',	NULL,	NULL,	NULL),
(1160,	37,	'out',	10000,	0,	102,	'2020-06-29 04:02:39',	NULL,	NULL,	NULL),
(1161,	37,	'out',	8000,	0,	103,	'2020-06-29 04:04:52',	NULL,	NULL,	NULL),
(1162,	37,	'out',	21000,	0,	104,	'2020-06-29 04:04:38',	NULL,	NULL,	NULL),
(1163,	37,	'out',	21000,	0,	105,	'2020-06-29 04:04:19',	NULL,	NULL,	NULL),
(1164,	37,	'out',	21500,	0,	106,	'2020-07-13 03:39:29',	NULL,	NULL,	NULL),
(1165,	37,	'out',	21500,	0,	107,	'2020-07-13 03:39:42',	NULL,	NULL,	NULL),
(1166,	37,	'out',	21500,	0,	108,	'2020-07-13 03:39:54',	NULL,	NULL,	NULL),
(1167,	37,	'out',	21500,	0,	109,	'2020-07-13 03:40:07',	NULL,	NULL,	NULL),
(1168,	37,	'out',	22000,	0,	110,	'2020-07-13 03:40:19',	NULL,	NULL,	NULL),
(1169,	37,	'out',	22000,	0,	111,	'2020-07-13 03:39:03',	NULL,	NULL,	NULL),
(1170,	37,	'out',	35000,	0,	116,	'2020-07-02 03:50:18',	NULL,	NULL,	NULL),
(1171,	37,	'out',	35000,	0,	118,	'2020-07-05 03:42:59',	NULL,	NULL,	NULL),
(1172,	37,	'out',	35000,	0,	119,	'2020-07-06 03:42:45',	NULL,	NULL,	NULL),
(1173,	37,	'out',	40000,	0,	120,	'2020-06-03 04:14:44',	NULL,	NULL,	NULL),
(1174,	37,	'out',	40000,	0,	121,	'2020-06-03 04:14:32',	NULL,	NULL,	NULL),
(1175,	37,	'out',	40000,	0,	122,	'2020-06-12 04:11:28',	NULL,	NULL,	NULL),
(1176,	37,	'out',	40000,	0,	123,	'2020-06-12 04:11:15',	NULL,	NULL,	NULL),
(1177,	37,	'out',	40000,	0,	124,	'2020-06-12 04:10:59',	NULL,	NULL,	NULL),
(1178,	37,	'out',	40000,	0,	125,	'2020-06-20 04:07:03',	NULL,	NULL,	NULL),
(1179,	37,	'out',	43000,	0,	126,	'2020-07-02 03:50:03',	NULL,	NULL,	NULL),
(1180,	37,	'out',	40000,	0,	127,	'2020-07-10 03:43:25',	NULL,	NULL,	NULL),
(1181,	37,	'out',	40000,	0,	128,	'2020-07-10 03:42:33',	NULL,	NULL,	NULL),
(1182,	37,	'out',	40000,	0,	129,	'2020-07-11 03:42:18',	NULL,	NULL,	NULL),
(1183,	37,	'out',	40000,	0,	130,	'2020-07-12 03:26:31',	NULL,	NULL,	NULL),
(1184,	37,	'out',	40000,	0,	131,	'2020-07-12 03:41:50',	NULL,	NULL,	NULL),
(1185,	37,	'out',	40000,	0,	132,	'2020-07-12 03:41:37',	NULL,	NULL,	NULL),
(1186,	37,	'out',	40000,	0,	133,	'2020-07-12 03:41:25',	NULL,	NULL,	NULL),
(1187,	37,	'out',	40000,	0,	134,	'2020-07-12 03:41:13',	NULL,	NULL,	NULL),
(1188,	37,	'out',	40000,	0,	135,	'2020-07-14 03:31:18',	NULL,	NULL,	NULL),
(1189,	37,	'out',	40000,	0,	136,	'2020-07-14 03:28:33',	NULL,	NULL,	NULL),
(1190,	37,	'out',	10000,	0,	137,	'2020-06-17 04:07:33',	NULL,	NULL,	NULL),
(1191,	37,	'out',	20000,	0,	138,	'2020-06-17 04:07:17',	NULL,	NULL,	NULL),
(1192,	37,	'out',	14000,	0,	139,	'2020-06-29 04:03:35',	NULL,	NULL,	NULL),
(1193,	34,	'out',	10000,	0,	153,	'2020-06-08 01:27:29',	NULL,	NULL,	NULL),
(1194,	34,	'out',	10000,	0,	154,	'2020-06-05 01:19:45',	NULL,	NULL,	NULL),
(1195,	34,	'out',	10000,	0,	155,	'2020-06-05 01:20:07',	NULL,	NULL,	NULL),
(1196,	34,	'out',	9000,	0,	156,	'2020-06-05 01:20:33',	NULL,	NULL,	NULL),
(1197,	34,	'out',	10000,	0,	157,	'2020-06-05 01:25:35',	NULL,	NULL,	NULL),
(1198,	34,	'out',	10000,	0,	158,	'2020-06-05 01:25:11',	NULL,	NULL,	NULL),
(1199,	34,	'out',	10000,	0,	159,	'2020-06-05 01:26:06',	NULL,	NULL,	NULL),
(1200,	34,	'out',	10000,	0,	160,	'2020-06-07 01:26:30',	NULL,	NULL,	NULL),
(1201,	34,	'out',	10000,	0,	161,	'2020-06-07 01:27:08',	NULL,	NULL,	NULL),
(1202,	34,	'out',	10000,	0,	162,	'2020-06-07 01:24:16',	NULL,	NULL,	NULL),
(1203,	34,	'out',	10000,	0,	163,	'2020-06-08 01:23:30',	NULL,	NULL,	NULL),
(1204,	34,	'out',	10000,	0,	164,	'2020-06-08 01:08:37',	NULL,	NULL,	NULL),
(1205,	34,	'out',	10000,	0,	165,	'2020-06-08 01:23:07',	NULL,	NULL,	NULL),
(1206,	34,	'out',	10000,	0,	166,	'2020-06-08 01:22:57',	NULL,	NULL,	NULL),
(1207,	34,	'out',	10000,	0,	167,	'2020-06-08 01:22:46',	NULL,	NULL,	NULL),
(1208,	34,	'out',	22000,	0,	168,	'2020-06-10 01:22:25',	NULL,	NULL,	NULL),
(1209,	34,	'out',	10000,	0,	169,	'2020-06-11 01:22:14',	NULL,	NULL,	NULL),
(1210,	34,	'out',	10000,	0,	170,	'2020-06-11 01:21:46',	NULL,	NULL,	NULL),
(1211,	34,	'out',	10000,	0,	171,	'2020-06-11 01:21:35',	NULL,	NULL,	NULL),
(1212,	34,	'out',	10000,	0,	172,	'2020-06-11 01:21:24',	NULL,	NULL,	NULL),
(1213,	34,	'out',	10000,	0,	173,	'2020-06-11 01:21:13',	NULL,	NULL,	NULL),
(1214,	34,	'out',	22000,	0,	174,	'2020-06-12 01:21:04',	NULL,	NULL,	NULL),
(1215,	34,	'out',	17000,	0,	175,	'2020-06-14 01:20:54',	NULL,	NULL,	NULL),
(1216,	30,	'out',	5000,	0,	176,	'2020-06-14 02:35:26',	NULL,	NULL,	NULL),
(1217,	30,	'out',	22000,	0,	177,	'2020-06-14 02:35:51',	NULL,	NULL,	NULL),
(1218,	30,	'out',	10000,	0,	178,	'2020-06-14 02:36:05',	NULL,	NULL,	NULL),
(1219,	30,	'out',	22000,	0,	179,	'2020-06-15 02:36:18',	NULL,	NULL,	NULL),
(1220,	30,	'out',	22000,	0,	180,	'2020-06-15 02:36:46',	NULL,	NULL,	NULL),
(1221,	30,	'out',	22000,	0,	181,	'2020-06-15 02:37:00',	NULL,	NULL,	NULL),
(1222,	30,	'out',	22000,	0,	182,	'2020-06-15 02:37:11',	NULL,	NULL,	NULL),
(1223,	30,	'out',	22000,	0,	183,	'2020-06-15 02:37:23',	NULL,	NULL,	NULL),
(1224,	30,	'out',	3000,	0,	184,	'2020-06-16 02:37:34',	NULL,	NULL,	NULL),
(1225,	30,	'out',	3000,	0,	185,	'2020-06-19 02:34:04',	NULL,	NULL,	NULL),
(1226,	30,	'out',	10000,	0,	186,	'2020-06-19 02:33:50',	NULL,	NULL,	NULL),
(1227,	30,	'out',	25000,	0,	187,	'2020-06-19 02:33:38',	NULL,	NULL,	NULL),
(1228,	30,	'out',	22000,	0,	188,	'2020-06-21 02:33:15',	NULL,	NULL,	NULL),
(1229,	30,	'out',	22000,	0,	189,	'2020-06-21 02:33:06',	NULL,	NULL,	NULL),
(1230,	30,	'out',	22000,	0,	190,	'2020-06-21 02:32:55',	NULL,	NULL,	NULL),
(1231,	30,	'out',	22000,	0,	191,	'2020-06-21 02:32:45',	NULL,	NULL,	NULL),
(1232,	30,	'out',	22000,	0,	192,	'2020-06-21 02:32:29',	NULL,	NULL,	NULL),
(1233,	30,	'out',	22000,	0,	193,	'2020-06-22 02:31:19',	NULL,	NULL,	NULL),
(1234,	30,	'out',	22000,	0,	194,	'2020-06-22 02:31:08',	NULL,	NULL,	NULL),
(1235,	30,	'out',	22000,	0,	195,	'2020-06-22 02:30:57',	NULL,	NULL,	NULL),
(1236,	30,	'out',	22000,	0,	196,	'2020-06-22 02:30:46',	NULL,	NULL,	NULL),
(1237,	30,	'out',	22000,	0,	198,	'2020-06-25 02:30:16',	NULL,	NULL,	NULL),
(1238,	30,	'out',	22000,	0,	199,	'2020-06-25 02:30:06',	NULL,	NULL,	NULL),
(1239,	30,	'out',	22000,	0,	200,	'2020-06-25 02:29:54',	NULL,	NULL,	NULL),
(1240,	30,	'out',	10000,	0,	201,	'2020-06-28 02:29:41',	NULL,	NULL,	NULL),
(1241,	30,	'out',	10000,	0,	202,	'2020-06-28 02:29:30',	NULL,	NULL,	NULL),
(1242,	30,	'out',	22000,	0,	203,	'2020-06-30 02:29:13',	NULL,	NULL,	NULL),
(1243,	30,	'out',	35000,	0,	204,	'2020-06-30 02:29:00',	NULL,	NULL,	NULL),
(1244,	30,	'out',	22000,	0,	205,	'2020-06-30 02:28:40',	NULL,	NULL,	NULL),
(1245,	30,	'out',	30000,	0,	214,	'2020-06-22 02:30:32',	NULL,	NULL,	NULL),
(1246,	30,	'out',	22000,	0,	215,	'2020-07-01 02:28:28',	NULL,	NULL,	NULL),
(1247,	30,	'out',	22000,	0,	216,	'2020-07-01 02:28:16',	NULL,	NULL,	NULL),
(1248,	30,	'out',	22000,	0,	217,	'2020-07-01 02:28:05',	NULL,	NULL,	NULL),
(1249,	30,	'out',	21000,	0,	218,	'2020-07-02 02:27:50',	NULL,	NULL,	NULL),
(1250,	30,	'out',	22000,	0,	219,	'2020-07-02 02:27:39',	NULL,	NULL,	NULL),
(1251,	30,	'out',	22000,	0,	220,	'2020-07-03 02:27:17',	NULL,	NULL,	NULL),
(1252,	30,	'out',	25000,	0,	221,	'2020-07-03 02:27:04',	NULL,	NULL,	NULL),
(1253,	30,	'out',	10000,	0,	222,	'2020-07-03 02:26:54',	NULL,	NULL,	NULL),
(1254,	30,	'out',	22000,	0,	223,	'2020-07-02 02:27:28',	NULL,	NULL,	NULL),
(1255,	30,	'out',	22000,	0,	224,	'2020-07-05 02:38:46',	NULL,	NULL,	NULL),
(1256,	30,	'out',	22000,	0,	225,	'2020-07-05 02:26:23',	NULL,	NULL,	NULL),
(1257,	30,	'out',	10000,	0,	226,	'2020-07-05 02:26:10',	NULL,	NULL,	NULL),
(1258,	30,	'out',	22000,	0,	227,	'2020-07-05 02:25:59',	NULL,	NULL,	NULL),
(1259,	30,	'out',	22000,	0,	228,	'2020-07-06 02:25:46',	NULL,	NULL,	NULL),
(1260,	30,	'out',	22000,	0,	229,	'2020-07-06 02:25:28',	NULL,	NULL,	NULL),
(1261,	30,	'out',	22000,	0,	230,	'2020-07-06 02:25:16',	NULL,	NULL,	NULL),
(1262,	30,	'out',	22000,	0,	231,	'2020-07-07 02:25:01',	NULL,	NULL,	NULL),
(1263,	30,	'out',	21000,	0,	232,	'2020-07-07 02:24:45',	NULL,	NULL,	NULL),
(1264,	30,	'out',	25000,	0,	233,	'2020-07-08 02:24:18',	NULL,	NULL,	NULL),
(1265,	30,	'out',	10000,	0,	234,	'2020-07-08 02:24:05',	NULL,	NULL,	NULL),
(1266,	30,	'out',	10000,	0,	235,	'2020-07-08 02:23:36',	NULL,	NULL,	NULL),
(1267,	30,	'out',	10000,	0,	236,	'2020-07-08 02:23:23',	NULL,	NULL,	NULL),
(1268,	30,	'out',	35000,	0,	237,	'2020-07-08 02:22:31',	NULL,	NULL,	NULL),
(1269,	30,	'out',	35000,	0,	238,	'2020-07-09 02:22:13',	NULL,	NULL,	NULL),
(1270,	30,	'out',	22000,	0,	239,	'2020-07-09 02:22:03',	NULL,	NULL,	NULL),
(1271,	30,	'out',	9500,	0,	240,	'2020-07-09 02:21:50',	NULL,	NULL,	NULL),
(1272,	30,	'out',	19500,	0,	241,	'2020-07-10 02:21:35',	NULL,	NULL,	NULL),
(1273,	30,	'out',	10000,	0,	242,	'2020-07-10 02:21:24',	NULL,	NULL,	NULL),
(1274,	30,	'out',	10000,	0,	243,	'2020-07-10 02:20:48',	NULL,	NULL,	NULL),
(1275,	26,	'out',	7000,	0,	244,	'2020-06-16 02:42:00',	NULL,	NULL,	NULL),
(1276,	26,	'out',	22000,	0,	245,	'2020-06-16 02:41:47',	NULL,	NULL,	NULL),
(1277,	26,	'out',	20000,	0,	246,	'2020-06-17 02:41:27',	NULL,	NULL,	NULL),
(1278,	26,	'out',	20000,	0,	247,	'2020-06-17 02:41:37',	NULL,	NULL,	NULL),
(1279,	26,	'out',	10000,	0,	248,	'2020-06-17 02:41:18',	NULL,	NULL,	NULL),
(1280,	26,	'out',	22000,	0,	249,	'2020-06-18 02:41:10',	NULL,	NULL,	NULL),
(1281,	26,	'out',	22000,	0,	250,	'2020-06-18 02:40:59',	NULL,	NULL,	NULL),
(1282,	26,	'out',	10000,	0,	251,	'2020-06-19 02:40:50',	NULL,	NULL,	NULL),
(1283,	26,	'out',	10000,	0,	252,	'2020-06-19 02:40:41',	NULL,	NULL,	NULL),
(1284,	26,	'out',	7000,	0,	253,	'2020-06-19 02:40:29',	NULL,	NULL,	NULL),
(1285,	37,	'out',	40000,	0,	258,	'2020-07-17 03:27:41',	NULL,	NULL,	NULL),
(1286,	10,	'out',	10000,	0,	259,	'2020-07-12 04:29:49',	NULL,	NULL,	NULL),
(1287,	10,	'out',	33000,	0,	260,	'2020-07-14 04:31:16',	NULL,	NULL,	NULL),
(1288,	10,	'out',	35000,	0,	261,	'2020-07-15 04:31:29',	NULL,	NULL,	NULL),
(1289,	10,	'out',	10000,	0,	262,	'2020-07-15 04:31:39',	NULL,	NULL,	NULL),
(1290,	10,	'out',	10000,	0,	263,	'2020-07-15 04:31:55',	NULL,	NULL,	NULL),
(1291,	10,	'out',	10000,	0,	264,	'2020-07-15 04:32:10',	NULL,	NULL,	NULL),
(1292,	10,	'out',	10000,	0,	265,	'2020-07-16 04:32:31',	NULL,	NULL,	NULL),
(1293,	10,	'out',	22000,	0,	266,	'2020-07-16 04:32:42',	NULL,	NULL,	NULL),
(1294,	10,	'out',	22000,	0,	267,	'2020-07-16 04:32:55',	NULL,	NULL,	NULL),
(1295,	10,	'out',	10000,	0,	268,	'2020-07-16 04:33:10',	NULL,	NULL,	NULL),
(1296,	10,	'out',	10000,	0,	269,	'2020-07-17 04:33:29',	NULL,	NULL,	NULL),
(1297,	10,	'out',	10750,	0,	270,	'2020-07-17 04:33:47',	NULL,	NULL,	NULL),
(1298,	10,	'out',	10750,	0,	271,	'2020-07-17 04:34:01',	NULL,	NULL,	NULL),
(1299,	10,	'out',	10000,	0,	272,	'2020-07-17 04:34:20',	NULL,	NULL,	NULL),
(1300,	14,	'out',	10000,	0,	273,	'2020-07-19 04:18:29',	NULL,	NULL,	NULL),
(1301,	14,	'out',	22000,	0,	274,	'2020-07-19 04:18:43',	NULL,	NULL,	NULL),
(1302,	14,	'out',	10000,	0,	275,	'2020-07-19 04:18:53',	NULL,	NULL,	NULL),
(1303,	14,	'out',	10000,	0,	276,	'2020-07-19 04:19:02',	NULL,	NULL,	NULL),
(1304,	14,	'out',	22000,	0,	277,	'2020-07-19 04:19:15',	NULL,	NULL,	NULL),
(1305,	14,	'out',	22000,	0,	279,	'2020-07-20 04:20:43',	NULL,	NULL,	NULL),
(1306,	14,	'out',	10000,	0,	280,	'2020-07-20 04:21:03',	NULL,	NULL,	NULL),
(1307,	14,	'out',	10000,	0,	281,	'2020-07-20 04:21:13',	NULL,	NULL,	NULL),
(1308,	14,	'out',	22000,	0,	282,	'2020-07-20 04:21:27',	NULL,	NULL,	NULL),
(1309,	14,	'out',	22000,	0,	283,	'2020-07-21 04:22:02',	NULL,	NULL,	NULL),
(1310,	14,	'out',	22000,	0,	284,	'2020-07-22 04:22:25',	NULL,	NULL,	NULL),
(1311,	14,	'out',	25000,	0,	285,	'2020-07-22 04:22:37',	NULL,	NULL,	NULL),
(1312,	37,	'out',	40000,	0,	286,	'2020-07-24 03:27:26',	NULL,	NULL,	NULL),
(1313,	37,	'out',	24000,	0,	287,	'2020-07-24 03:27:10',	NULL,	NULL,	NULL),
(1314,	14,	'out',	22500,	0,	288,	'2020-07-23 04:23:28',	NULL,	NULL,	NULL),
(1315,	14,	'out',	22500,	0,	289,	'2020-07-23 04:23:41',	NULL,	NULL,	NULL),
(1316,	14,	'out',	22500,	0,	290,	'2020-07-23 04:23:54',	NULL,	NULL,	NULL),
(1317,	14,	'out',	22500,	0,	291,	'2020-07-24 04:24:21',	NULL,	NULL,	NULL),
(1318,	37,	'out',	22000,	0,	292,	'2020-07-26 03:26:06',	NULL,	NULL,	NULL),
(1319,	37,	'out',	21750,	0,	293,	'2020-07-26 03:26:47',	NULL,	NULL,	NULL),
(1320,	49,	'out',	10000,	0,	294,	'2020-07-26 05:40:31',	NULL,	NULL,	NULL),
(1321,	49,	'out',	10000,	0,	298,	'2020-07-25 21:50:50',	NULL,	NULL,	NULL),
(1322,	49,	'out',	10000,	0,	299,	'2020-07-25 21:52:01',	NULL,	NULL,	NULL),
(1323,	49,	'out',	10000,	0,	300,	'2020-07-25 21:53:03',	NULL,	NULL,	NULL),
(1324,	49,	'out',	10000,	0,	301,	'2020-07-25 04:04:09',	NULL,	NULL,	NULL),
(1325,	49,	'out',	10000,	0,	302,	'2020-07-25 02:35:30',	NULL,	NULL,	NULL),
(1326,	49,	'out',	10000,	0,	303,	'2020-07-25 02:36:24',	NULL,	NULL,	NULL),
(1327,	59,	'out',	10000,	0,	304,	'2020-07-24 17:03:07',	NULL,	NULL,	NULL),
(1328,	59,	'out',	10000,	0,	305,	'2020-07-24 17:04:27',	NULL,	NULL,	NULL),
(1329,	59,	'out',	10000,	0,	306,	'2020-07-24 17:22:42',	NULL,	NULL,	NULL),
(1330,	59,	'out',	10000,	0,	307,	'2020-07-25 17:28:38',	NULL,	NULL,	NULL),
(1331,	59,	'out',	10000,	0,	311,	'2020-07-18 02:27:40',	NULL,	NULL,	NULL),
(1332,	59,	'out',	10000,	0,	312,	'2020-07-18 02:28:24',	NULL,	NULL,	NULL),
(1333,	59,	'out',	10000,	0,	313,	'2020-07-18 02:29:27',	NULL,	NULL,	NULL),
(1334,	59,	'out',	10000,	0,	314,	'2020-07-18 02:30:47',	NULL,	NULL,	NULL),
(1335,	59,	'out',	10000,	0,	315,	'2020-07-18 02:31:30',	NULL,	NULL,	NULL),
(1336,	59,	'out',	10000,	0,	316,	'2020-07-23 02:33:46',	NULL,	NULL,	NULL),
(1337,	59,	'out',	10000,	0,	317,	'2020-07-23 02:34:25',	NULL,	NULL,	NULL),
(1338,	59,	'out',	10000,	0,	318,	'2020-07-23 02:35:36',	NULL,	NULL,	NULL),
(1339,	59,	'out',	10000,	0,	319,	'2020-07-23 02:37:26',	NULL,	NULL,	NULL),
(1340,	59,	'out',	10000,	0,	320,	'2020-07-23 02:39:01',	NULL,	NULL,	NULL),
(1341,	59,	'out',	10000,	0,	321,	'2020-07-26 02:40:21',	NULL,	NULL,	NULL),
(1342,	59,	'out',	10000,	0,	322,	'2020-07-26 02:41:34',	NULL,	NULL,	NULL),
(1343,	59,	'out',	10000,	0,	323,	'2020-07-26 02:42:37',	NULL,	NULL,	NULL),
(1344,	59,	'out',	10000,	0,	324,	'2020-07-27 02:43:43',	NULL,	NULL,	NULL),
(1345,	59,	'out',	10000,	0,	325,	'2020-07-26 02:44:25',	NULL,	NULL,	NULL),
(1346,	59,	'out',	10000,	0,	326,	'2020-07-26 02:45:44',	NULL,	NULL,	NULL),
(1347,	59,	'out',	10000,	0,	327,	'2020-07-26 02:46:11',	NULL,	NULL,	NULL),
(1348,	37,	'out',	22000,	0,	328,	'2020-07-02 03:48:46',	NULL,	NULL,	NULL),
(1349,	37,	'out',	21750,	0,	329,	'2020-07-26 03:24:57',	NULL,	NULL,	NULL),
(1350,	37,	'out',	10000,	0,	330,	'2020-07-26 03:29:50',	NULL,	NULL,	NULL),
(1351,	37,	'out',	10000,	0,	331,	'2020-07-26 03:28:43',	NULL,	NULL,	NULL),
(1352,	37,	'out',	21000,	0,	332,	'2020-07-26 03:31:40',	NULL,	NULL,	NULL),
(1353,	37,	'out',	21000,	0,	333,	'2020-07-26 03:32:13',	NULL,	NULL,	NULL),
(1354,	13,	'out',	23500,	0,	334,	'2020-07-27 13:26:52',	NULL,	NULL,	NULL),
(1355,	13,	'out',	21500,	0,	335,	'2020-07-27 13:27:40',	NULL,	NULL,	NULL),
(1356,	13,	'out',	35000,	0,	336,	'2020-07-27 01:12:26',	NULL,	NULL,	NULL),
(1357,	14,	'out',	37500,	0,	337,	'2020-07-29 13:36:14',	NULL,	NULL,	NULL),
(1358,	14,	'out',	37500,	0,	338,	'2020-07-29 13:36:32',	NULL,	NULL,	NULL),
(1359,	13,	'out',	35000,	0,	341,	'2020-08-03 01:39:51',	NULL,	NULL,	NULL),
(1360,	34,	'out',	35000,	0,	342,	'2020-08-03 02:01:12',	NULL,	NULL,	NULL),
(1361,	34,	'out',	23000,	0,	343,	'2020-08-03 02:01:56',	NULL,	NULL,	NULL),
(1362,	37,	'out',	21250,	0,	344,	'2020-08-06 13:56:09',	NULL,	NULL,	NULL),
(1363,	37,	'out',	21500,	0,	345,	'2020-08-06 13:58:17',	NULL,	NULL,	NULL),
(1364,	37,	'out',	21000,	0,	346,	'2020-08-06 13:59:17',	NULL,	NULL,	NULL),
(1365,	37,	'out',	21250,	0,	347,	'2020-08-06 14:00:27',	NULL,	NULL,	NULL),
(1366,	37,	'out',	10000,	0,	348,	'2020-08-06 14:01:20',	NULL,	NULL,	NULL),
(1367,	37,	'out',	10000,	0,	349,	'2020-08-06 14:02:31',	NULL,	NULL,	NULL),
(1368,	37,	'out',	35000,	0,	350,	'2020-08-04 14:07:09',	NULL,	NULL,	NULL),
(1369,	37,	'out',	20000,	0,	351,	'2020-08-04 01:07:44',	NULL,	NULL,	NULL),
(1370,	34,	'out',	35000,	0,	352,	'2020-08-06 01:05:57',	NULL,	NULL,	NULL),
(1371,	34,	'out',	22000,	0,	353,	'2020-08-04 16:54:17',	NULL,	NULL,	NULL),
(1372,	34,	'out',	35000,	0,	354,	'2020-08-07 01:26:48',	NULL,	NULL,	NULL),
(1373,	34,	'out',	22000,	0,	355,	'2020-08-07 01:26:11',	NULL,	NULL,	NULL),
(1374,	34,	'out',	22500,	0,	356,	'2020-08-07 01:28:54',	NULL,	NULL,	NULL),
(1375,	34,	'out',	22500,	0,	357,	'2020-08-07 01:30:13',	NULL,	NULL,	NULL),
(1376,	34,	'out',	22000,	0,	358,	'2020-08-09 01:32:11',	NULL,	NULL,	NULL),
(1377,	34,	'out',	22000,	0,	359,	'2020-08-09 01:33:01',	NULL,	NULL,	NULL),
(1378,	34,	'out',	22000,	0,	360,	'2020-08-09 01:33:30',	NULL,	NULL,	NULL),
(1379,	34,	'out',	22000,	0,	361,	'2020-08-09 01:34:01',	NULL,	NULL,	NULL),
(1380,	37,	'out',	25000,	0,	362,	'2020-08-06 01:39:29',	NULL,	NULL,	NULL),
(1381,	37,	'out',	25000,	0,	363,	'2020-08-06 01:40:11',	NULL,	NULL,	NULL),
(1382,	14,	'out',	22000,	0,	364,	'2020-08-02 01:58:28',	NULL,	NULL,	NULL),
(1383,	34,	'out',	10000,	0,	365,	'2020-08-09 05:57:14',	NULL,	NULL,	NULL),
(1384,	34,	'out',	10000,	0,	366,	'2020-08-09 05:57:48',	NULL,	NULL,	NULL),
(1385,	34,	'out',	22000,	0,	367,	'2020-08-10 05:58:40',	NULL,	NULL,	NULL),
(1386,	34,	'out',	22000,	0,	368,	'2020-08-10 05:59:05',	NULL,	NULL,	NULL),
(1387,	37,	'out',	21000,	0,	369,	'2020-08-10 06:04:29',	NULL,	NULL,	NULL),
(1388,	37,	'out',	31500,	0,	370,	'2020-08-10 06:06:41',	NULL,	NULL,	NULL),
(1389,	34,	'out',	22500,	0,	371,	'2020-08-12 02:24:20',	NULL,	NULL,	NULL),
(1390,	34,	'out',	21500,	0,	372,	'2020-08-12 02:24:59',	NULL,	NULL,	NULL),
(1391,	37,	'out',	20500,	0,	373,	'2020-08-17 02:31:16',	NULL,	NULL,	NULL),
(1392,	37,	'out',	10000,	0,	374,	'2020-08-17 02:32:01',	NULL,	NULL,	NULL),
(1393,	37,	'out',	10000,	0,	375,	'2020-08-17 02:32:55',	NULL,	NULL,	NULL),
(1394,	37,	'out',	21000,	0,	376,	'2020-08-17 02:33:34',	NULL,	NULL,	NULL),
(1395,	37,	'out',	21000,	0,	377,	'2020-08-17 02:34:09',	NULL,	NULL,	NULL),
(1396,	37,	'out',	21000,	0,	378,	'2020-08-17 02:34:32',	NULL,	NULL,	NULL),
(1397,	13,	'out',	22000,	0,	379,	'2020-08-14 02:40:31',	NULL,	NULL,	NULL),
(1398,	13,	'out',	22000,	0,	380,	'2020-08-14 02:40:45',	NULL,	NULL,	NULL);

DROP TABLE IF EXISTS `groups`;
CREATE TABLE `groups` (
  `id` mediumint(8) unsigned NOT NULL AUTO_INCREMENT,
  `name` varchar(20) NOT NULL,
  `description` varchar(100) NOT NULL,
  `created_by` int(11) DEFAULT NULL,
  `created_at` timestamp NULL DEFAULT NULL,
  `updated_by` int(11) DEFAULT NULL,
  `updated_at` timestamp NULL DEFAULT NULL ON UPDATE CURRENT_TIMESTAMP,
  PRIMARY KEY (`id`) USING BTREE
) ENGINE=InnoDB AUTO_INCREMENT=3 DEFAULT CHARSET=utf8 ROW_FORMAT=DYNAMIC;

INSERT INTO `groups` (`id`, `name`, `description`, `created_by`, `created_at`, `updated_by`, `updated_at`) VALUES
(1,	'Administrator',	'Administrator',	NULL,	NULL,	NULL,	'2020-01-22 01:57:03'),
(2,	'Operator',	'',	NULL,	NULL,	NULL,	'2019-11-04 07:31:14');

DROP TABLE IF EXISTS `login_attempts`;
CREATE TABLE `login_attempts` (
  `id` int(11) unsigned NOT NULL AUTO_INCREMENT,
  `ip_address` varchar(45) NOT NULL,
  `login` varchar(100) NOT NULL,
  `time` int(11) unsigned DEFAULT NULL,
  `created_by` int(11) DEFAULT NULL,
  `created_at` timestamp NULL DEFAULT NULL,
  `updated_by` int(11) DEFAULT NULL,
  `updated_at` timestamp NULL DEFAULT NULL ON UPDATE CURRENT_TIMESTAMP,
  PRIMARY KEY (`id`) USING BTREE
) ENGINE=InnoDB DEFAULT CHARSET=utf8 ROW_FORMAT=DYNAMIC;


DROP TABLE IF EXISTS `m_gudang`;
CREATE TABLE `m_gudang` (
  `id_gudang` int(11) NOT NULL AUTO_INCREMENT,
  `nama_gudang` varchar(50) NOT NULL,
  `kantor_id` int(11) NOT NULL,
  `created_at` timestamp NULL DEFAULT NULL,
  `created_by` int(11) DEFAULT NULL,
  `updated_at` timestamp NULL DEFAULT NULL,
  `updated_by` int(11) DEFAULT NULL,
  PRIMARY KEY (`id_gudang`),
  KEY `kantor_id` (`kantor_id`),
  CONSTRAINT `m_gudang_ibfk_2` FOREIGN KEY (`kantor_id`) REFERENCES `m_kantor` (`id_kantor`) ON DELETE CASCADE
) ENGINE=InnoDB AUTO_INCREMENT=39 DEFAULT CHARSET=latin1;

INSERT INTO `m_gudang` (`id_gudang`, `nama_gudang`, `kantor_id`, `created_at`, `created_by`, `updated_at`, `updated_by`) VALUES
(19,	'Kertasada Transit A',	23,	'2020-07-12 01:08:49',	1,	'2020-07-22 22:15:05',	1),
(20,	'SARONGGI SN. 04',	23,	'2020-07-12 01:15:00',	1,	'2020-07-22 22:01:48',	1),
(23,	'Kalianget sn. 6',	1,	'2020-07-14 09:50:32',	1,	'2020-07-14 09:51:29',	1),
(24,	'Kalianget A',	1,	'2020-07-14 09:57:33',	1,	NULL,	NULL),
(25,	'Kalianget C',	1,	'2020-07-14 09:58:29',	1,	NULL,	NULL),
(26,	'OLO 3',	23,	'2020-07-14 19:39:14',	1,	NULL,	NULL),
(27,	'SARONGGI SN. 05',	23,	'2020-07-22 22:02:30',	1,	NULL,	NULL),
(29,	'APAAN SN. NO .02',	35,	'2020-07-23 01:08:32',	1,	NULL,	NULL),
(30,	'OLO 3 APAAN',	35,	'2020-07-23 20:39:07',	1,	NULL,	NULL),
(31,	'HALAMAN I SN. NO. 01',	35,	'2020-07-23 20:39:39',	1,	NULL,	NULL),
(33,	'OLO 4 APAAN',	35,	'2020-07-23 20:39:56',	1,	NULL,	NULL),
(35,	'CV. MEDIA UTAMA GROUP',	43,	'2020-07-25 22:44:41',	1,	NULL,	NULL),
(36,	'HALAMAN 3  SN. 01',	44,	'2020-08-10 06:49:47',	1,	'2020-08-10 09:06:31',	1),
(37,	'HALAMAN 1 BS.07',	44,	'2020-08-10 09:08:14',	1,	NULL,	NULL),
(38,	'HALAMAN 1 OLO. 19',	45,	'2020-08-10 09:09:45',	1,	'2020-08-10 09:10:12',	1);

DROP TABLE IF EXISTS `m_kantor`;
CREATE TABLE `m_kantor` (
  `id_kantor` int(11) NOT NULL AUTO_INCREMENT,
  `nama_kantor` varchar(50) NOT NULL,
  `wilayah_id` int(11) NOT NULL,
  `created_at` timestamp NULL DEFAULT NULL,
  `created_by` int(11) DEFAULT NULL,
  `updated_at` timestamp NULL DEFAULT NULL,
  `updated_by` int(11) DEFAULT NULL,
  PRIMARY KEY (`id_kantor`),
  KEY `wilayah_id` (`wilayah_id`),
  CONSTRAINT `m_kantor_ibfk_2` FOREIGN KEY (`wilayah_id`) REFERENCES `m_wilayah` (`id_wilayah`) ON DELETE CASCADE
) ENGINE=InnoDB AUTO_INCREMENT=46 DEFAULT CHARSET=latin1;

INSERT INTO `m_kantor` (`id_kantor`, `nama_kantor`, `wilayah_id`, `created_at`, `created_by`, `updated_at`, `updated_by`) VALUES
(1,	'Veem Kalianget',	1,	'2020-07-07 23:49:38',	1,	'2020-07-07 23:50:09',	1),
(23,	'Pegaraman Sumenep IB -PPGK',	1,	'2020-07-06 09:25:11',	1,	'2020-07-12 01:36:58',	1),
(35,	'PEGARAMAN SAMPANG',	3,	'2020-07-23 01:07:44',	1,	NULL,	NULL),
(43,	'CV. MEDIA UTAMA GROUP',	3,	'2020-07-25 21:54:26',	1,	NULL,	NULL),
(44,	'CAPAK',	2,	'2020-08-09 22:28:58',	1,	NULL,	NULL),
(45,	'Pegaraman 1',	1,	'2020-08-10 09:08:43',	1,	'2020-08-10 09:09:17',	1);

DROP TABLE IF EXISTS `m_kualitas`;
CREATE TABLE `m_kualitas` (
  `id_kualitas` int(11) NOT NULL AUTO_INCREMENT,
  `nama_kualitas` varchar(50) NOT NULL,
  `created_at` timestamp NULL DEFAULT NULL,
  `created_by` int(11) DEFAULT NULL,
  `updated_at` timestamp NULL DEFAULT NULL,
  `updated_by` int(11) DEFAULT NULL,
  PRIMARY KEY (`id_kualitas`)
) ENGINE=InnoDB AUTO_INCREMENT=5 DEFAULT CHARSET=latin1;

INSERT INTO `m_kualitas` (`id_kualitas`, `nama_kualitas`, `created_at`, `created_by`, `updated_at`, `updated_by`) VALUES
(1,	'Premium',	NULL,	NULL,	NULL,	NULL),
(2,	'PS',	NULL,	NULL,	NULL,	NULL),
(3,	'P',	NULL,	NULL,	NULL,	NULL),
(4,	'M',	'2020-07-12 03:50:38',	1,	NULL,	NULL);

DROP TABLE IF EXISTS `m_tujuan`;
CREATE TABLE `m_tujuan` (
  `id_tujuan` int(11) NOT NULL AUTO_INCREMENT,
  `tujuan` varchar(100) NOT NULL,
  `created_at` timestamp NULL DEFAULT NULL,
  `created_by` int(11) DEFAULT NULL,
  `updated_at` timestamp NULL DEFAULT NULL,
  `updated_by` int(11) DEFAULT NULL,
  UNIQUE KEY `id_wilayah` (`id_tujuan`)
) ENGINE=InnoDB AUTO_INCREMENT=5 DEFAULT CHARSET=latin1;

INSERT INTO `m_tujuan` (`id_tujuan`, `tujuan`, `created_at`, `created_by`, `updated_at`, `updated_by`) VALUES
(1,	'Sumenep',	NULL,	NULL,	NULL,	NULL),
(2,	'Pamekasan',	NULL,	NULL,	NULL,	NULL),
(3,	'Sampang',	NULL,	NULL,	NULL,	NULL),
(4,	'pabrik',	'2020-07-27 03:02:28',	1,	NULL,	NULL);

DROP TABLE IF EXISTS `m_wilayah`;
CREATE TABLE `m_wilayah` (
  `id_wilayah` int(11) NOT NULL AUTO_INCREMENT,
  `nama_wilayah` char(40) DEFAULT NULL,
  `color` char(20) DEFAULT NULL,
  `created_at` timestamp NULL DEFAULT NULL,
  `created_by` int(11) DEFAULT NULL,
  `updated_at` timestamp NULL DEFAULT NULL,
  `updated_by` int(11) DEFAULT NULL,
  UNIQUE KEY `id_wilayah` (`id_wilayah`)
) ENGINE=InnoDB AUTO_INCREMENT=4 DEFAULT CHARSET=latin1;

INSERT INTO `m_wilayah` (`id_wilayah`, `nama_wilayah`, `color`, `created_at`, `created_by`, `updated_at`, `updated_by`) VALUES
(1,	'Sumenep',	'green',	NULL,	NULL,	NULL,	NULL),
(2,	'Pamekasan',	'red',	NULL,	NULL,	NULL,	NULL),
(3,	'Sampang',	'blue',	NULL,	NULL,	NULL,	NULL);

DROP TABLE IF EXISTS `page`;
CREATE TABLE `page` (
  `id` mediumint(8) unsigned NOT NULL AUTO_INCREMENT,
  `order` mediumint(8) unsigned NOT NULL,
  `page` varchar(20) NOT NULL,
  `content` text NOT NULL,
  `created_by` int(11) DEFAULT NULL,
  `created_at` timestamp NULL DEFAULT NULL,
  `updated_by` int(11) DEFAULT NULL,
  `updated_at` timestamp NULL DEFAULT NULL ON UPDATE CURRENT_TIMESTAMP,
  PRIMARY KEY (`id`) USING BTREE
) ENGINE=InnoDB AUTO_INCREMENT=9 DEFAULT CHARSET=utf8 ROW_FORMAT=DYNAMIC;

INSERT INTO `page` (`id`, `order`, `page`, `content`, `created_by`, `created_at`, `updated_by`, `updated_at`) VALUES
(1,	2,	'about',	'<p>aplikasi inventori gudang garam</p>',	NULL,	NULL,	1,	'2020-07-03 02:58:01'),
(2,	5,	'wa',	'6283852850999',	NULL,	NULL,	NULL,	'2020-01-28 04:24:29'),
(3,	6,	'facebook',	'',	NULL,	NULL,	NULL,	'2020-07-03 02:57:28'),
(4,	7,	'instagram',	'labatik.id',	NULL,	NULL,	NULL,	NULL),
(5,	8,	'youtube',	'UCdEEd17We_QIFWUvywwU4HA',	NULL,	NULL,	NULL,	NULL),
(6,	4,	'telepon',	'6283852850999',	NULL,	NULL,	NULL,	NULL),
(7,	3,	'alamat',	'<iframe src=\"https://www.google.com/maps/embed?pb=!1m14!1m8!1m3!1d31680.2699173!2d113.853823!3d-7.00531!3m2!1i1024!2i768!4f13.1!3m3!1m2!1s0x0%3A0x61d22d608be3e032!2sLabatik!5e0!3m2!1sid!2sid!4v1587014350296!5m2!1sid!2sid\" width=\"100%\" height=\"300\" frameborder=\"0\" style=\"border:0;\" allowfullscreen=\"\" aria-hidden=\"false\" tabindex=\"0\"></iframe>',	NULL,	NULL,	1,	'2020-04-16 08:11:01'),
(8,	1,	'nama_perusahaan',	'CV. MEDIA UTAMA GROUP',	NULL,	NULL,	1,	'2020-08-18 02:27:51');

DROP TABLE IF EXISTS `pemasukan`;
CREATE TABLE `pemasukan` (
  `id_pemasukan` int(11) NOT NULL AUTO_INCREMENT,
  `tanggal` datetime NOT NULL,
  `no_spjg` varchar(30) NOT NULL,
  `garam_gudang_id` int(11) NOT NULL,
  `tonase` float NOT NULL,
  `created_at` timestamp NULL DEFAULT NULL,
  `created_by` int(11) DEFAULT NULL,
  `updated_at` timestamp NULL DEFAULT NULL,
  `updated_by` int(11) DEFAULT NULL,
  PRIMARY KEY (`id_pemasukan`),
  KEY `garam_gudang_id` (`garam_gudang_id`),
  CONSTRAINT `pemasukan_ibfk_1` FOREIGN KEY (`garam_gudang_id`) REFERENCES `garam_gudang` (`id_garam_gudang`) ON DELETE CASCADE
) ENGINE=InnoDB AUTO_INCREMENT=34 DEFAULT CHARSET=latin1;

INSERT INTO `pemasukan` (`id_pemasukan`, `tanggal`, `no_spjg`, `garam_gudang_id`, `tonase`, `created_at`, `created_by`, `updated_at`, `updated_by`) VALUES
(2,	'2020-07-12 07:56:37',	'531/DO/VII/2020',	14,	700000,	'2020-07-12 01:33:55',	1,	'2020-07-27 17:56:37',	1),
(3,	'2020-07-12 07:56:55',	'531/DO/VII/2020',	10,	300000,	'2020-07-12 02:15:53',	1,	'2020-07-27 17:56:55',	1),
(7,	'2020-07-14 07:53:21',	'367/DO/V/2020',	34,	700000,	'2020-07-14 09:58:46',	1,	'2020-07-27 17:53:21',	1),
(8,	'2020-05-19 07:54:34',	'367/DO/V/2020',	30,	150000,	'2020-07-14 09:59:50',	1,	'2020-07-27 17:54:34',	1),
(9,	'2020-05-19 07:55:36',	'367/DO/V/2020',	26,	150000,	'2020-07-14 10:00:42',	1,	'2020-07-27 17:55:36',	1),
(10,	'2020-06-19 07:55:05',	'447/DO/VI/2020',	30,	1000000,	'2020-07-14 10:09:18',	1,	'2020-07-27 17:55:05',	1),
(15,	'2020-06-08 07:57:47',	'436/DO/VI/2020',	37,	1500000,	'2020-07-18 04:38:45',	1,	'2020-07-27 17:57:47',	1),
(16,	'2020-05-13 18:40:03',	'379/SPJG/V/2020',	37,	1000000,	'2020-07-18 04:40:03',	1,	NULL,	NULL),
(18,	'2020-07-22 12:01:26',	'610/spjg/VII/2020',	13,	800000,	'2020-07-22 22:01:26',	1,	NULL,	NULL),
(19,	'2020-07-22 12:03:34',	'610/SPJG/VII/2020',	41,	200000,	'2020-07-22 22:03:34',	1,	NULL,	NULL),
(20,	'2020-07-22 15:09:08',	'609/SPJG/VII/2020',	49,	1250000,	'2020-07-23 01:09:08',	1,	NULL,	NULL),
(21,	'2020-05-15 10:41:06',	'367/SPJG/V/2020',	55,	1000000,	'2020-07-23 20:41:06',	1,	NULL,	NULL),
(22,	'2020-06-23 10:43:18',	'367/SPJG/V/2020',	55,	200000,	'2020-07-23 20:43:18',	1,	NULL,	NULL),
(23,	'2020-06-23 10:43:52',	'367/SPJG/V/2020',	59,	500000,	'2020-07-23 20:43:52',	1,	NULL,	NULL),
(24,	'2020-06-23 10:44:59',	'367/SPJG/V/2020',	67,	300000,	'2020-07-23 20:44:59',	1,	NULL,	NULL),
(25,	'2020-07-29 10:19:37',	'616/DO/VII/2020',	34,	1000000,	'2020-07-28 20:19:37',	1,	NULL,	NULL),
(30,	'2020-08-13 11:18:09',	'.675/DO/VIII/2020',	141,	1500000,	'2020-08-10 10:22:23',	1,	'2020-08-12 21:18:09',	1),
(31,	'2020-08-13 11:20:27',	'674/DO/VIII/2020',	134,	350000,	'2020-08-10 10:22:57',	1,	'2020-08-12 21:20:27',	1),
(32,	'2020-08-13 12:00:09',	'674/DO/VIII/2020',	127,	15000000,	'2020-08-10 10:23:18',	1,	'2020-08-27 05:00:09',	1);

DELIMITER ;;

CREATE TRIGGER `pemasukan_ai` AFTER INSERT ON `pemasukan` FOR EACH ROW
BEGIN

update garam_gudang a set a.stok= (a.stok+ NEW.tonase), a.masuk= (a.masuk+ NEW.tonase) where id_garam_gudang = NEW.garam_gudang_id;
insert into garam_mutasi (garam_gudang_id,tipe,jumlah,referensi_id,created_at) values (NEW.garam_gudang_id,'in',NEW.tonase, NEW.id_pemasukan, NEW.tanggal);
END;;

CREATE TRIGGER `pemasukan_au` AFTER UPDATE ON `pemasukan` FOR EACH ROW
begin
update garam_gudang a set a.stok = (a.stok + NEW.tonase - OLD.tonase), a.masuk= (a.masuk + NEW.tonase - OLD.tonase) where id_garam_gudang = NEW.garam_gudang_id;
update garam_mutasi set jumlah= NEW.tonase, created_at = NEW.tanggal where referensi_id = OLD.id_pemasukan and tipe like 'in';
end;;

CREATE TRIGGER `pemasukan_ad` AFTER DELETE ON `pemasukan` FOR EACH ROW
BEGIN
update garam_gudang a set a.stok = (a.stok - OLD.tonase), a.masuk= (a.masuk- OLD.tonase) where id_garam_gudang = OLD.garam_gudang_id;
delete from garam_mutasi where tipe like 'in' and referensi_id = OLD.id_pemasukan;
END;;

DELIMITER ;

DROP TABLE IF EXISTS `pengeluaran`;
CREATE TABLE `pengeluaran` (
  `id_pengeluaran` int(11) NOT NULL AUTO_INCREMENT,
  `tanggal` datetime NOT NULL,
  `no_spjg` varchar(30) NOT NULL,
  `nopol` varchar(10) NOT NULL,
  `garam_gudang_id` int(11) NOT NULL,
  `tonase` float NOT NULL,
  `hasil_timbang` float NOT NULL,
  `jumlah_karung` int(11) NOT NULL,
  `tujuan` varchar(100) NOT NULL,
  `created_at` timestamp NULL DEFAULT NULL,
  `created_by` int(11) DEFAULT NULL,
  `updated_at` timestamp NULL DEFAULT NULL,
  `updated_by` int(11) DEFAULT NULL,
  PRIMARY KEY (`id_pengeluaran`),
  KEY `garam_gudang_id` (`garam_gudang_id`),
  KEY `tujuan_id` (`tujuan`),
  CONSTRAINT `pengeluaran_ibfk_2` FOREIGN KEY (`garam_gudang_id`) REFERENCES `garam_gudang` (`id_garam_gudang`) ON DELETE CASCADE
) ENGINE=InnoDB AUTO_INCREMENT=382 DEFAULT CHARSET=latin1;

INSERT INTO `pengeluaran` (`id_pengeluaran`, `tanggal`, `no_spjg`, `nopol`, `garam_gudang_id`, `tonase`, `hasil_timbang`, `jumlah_karung`, `tujuan`, `created_at`, `created_by`, `updated_at`, `updated_by`) VALUES
(2,	'2020-07-12 11:29:01',	'531/DO/VII/2020',	'M 8603 VD',	10,	10000,	10070,	200,	'PT. Sumatraco',	'2020-07-14 10:14:53',	1,	'2020-07-27 21:29:01',	2),
(3,	'2020-07-12 11:29:21',	'531/DO/VII/2020',	'M 8861 UN',	10,	10000,	10240,	200,	'PT. Sumatraco',	'2020-07-14 10:16:52',	1,	'2020-07-27 21:29:21',	2),
(4,	'2020-07-12 11:29:30',	'531/DO/VII/2020',	'M 9185 D',	10,	10000,	10210,	200,	'PT. Sumatraco',	'2020-07-14 10:17:59',	1,	'2020-07-27 21:29:30',	2),
(5,	'2020-07-12 11:29:40',	'531/DO/VII/2020',	'M 9145 VD',	10,	10000,	10220,	200,	'PT. Sumatraco',	'2020-07-14 10:18:59',	1,	'2020-07-27 21:29:40',	2),
(7,	'2020-07-13 11:30:17',	'531/DO/VII/2020',	'L 9095 UI',	10,	25000,	25030,	513,	'PT. Sumatraco',	'2020-07-14 10:21:37',	1,	'2020-07-27 21:30:17',	2),
(8,	'2020-07-13 11:30:48',	'531/DO/VII/2020',	'L 8490 UD',	10,	21500,	22230,	430,	'PT. Sumatraco',	'2020-07-14 10:22:47',	1,	'2020-07-27 21:30:48',	2),
(9,	'2020-05-17 08:03:48',	'367/DO/V/2020',	'M 9102 UV',	34,	10000,	10080,	200,	'PT. Sumatraco',	'2020-07-14 21:35:12',	1,	'2020-07-27 18:03:48',	1),
(12,	'2020-05-17 08:04:07',	'367/DO/V/2020',	'M 9768 UN',	34,	10000,	10920,	200,	'PT. Sumatraco',	'2020-07-15 18:05:34',	1,	'2020-07-27 18:04:07',	1),
(14,	'2020-05-17 08:04:47',	'367/DO/V/2020',	'M 9417 UA',	34,	10000,	11460,	200,	'PT. Sumatraco',	'2020-07-15 18:08:00',	1,	'2020-07-27 18:04:47',	1),
(15,	'2020-05-17 08:04:58',	'367/DO/V/2020',	'M 8098 WD',	34,	10000,	10980,	200,	'PT. Sumatraco',	'2020-07-15 18:09:07',	1,	'2020-07-27 18:04:58',	1),
(16,	'2020-05-17 08:04:29',	'367/DO/V/2020',	'm 8926 nc',	34,	10000,	10160,	204,	'PT. Sumatraco',	'2020-07-15 18:11:05',	1,	'2020-07-27 18:04:29',	1),
(17,	'2020-05-18 08:06:23',	'367/DO/V/2020',	'M 9488 UA',	34,	10000,	10580,	200,	'PT. Sumatraco',	'2020-07-15 18:12:10',	1,	'2020-07-27 18:06:23',	1),
(18,	'2020-05-18 08:06:37',	'367/DO/V/2020',	'M 8447 UN',	34,	10000,	10640,	200,	'PT. Sumatraco',	'2020-07-15 18:14:06',	1,	'2020-07-27 18:06:37',	1),
(19,	'2020-05-18 08:06:02',	'367/DO/V/2020',	'N 9570 UT',	34,	10000,	10560,	200,	'PT. Sumatraco',	'2020-07-15 18:15:29',	1,	'2020-07-27 18:06:02',	1),
(20,	'2020-05-18 08:05:28',	'367/DO/V/2020',	'M 8644 WD',	34,	10000,	10440,	200,	'PT. Sumatraco',	'2020-07-15 18:16:49',	1,	'2020-07-27 18:05:28',	1),
(21,	'2020-05-18 08:06:59',	'367/DO/V/2020',	'M 8117 UV',	34,	10000,	10600,	200,	'PT. Sumatraco',	'2020-07-15 18:18:18',	1,	'2020-07-27 18:07:00',	1),
(25,	'2020-05-27 08:08:32',	'367/DO/V/2020',	'S 8746 ND',	34,	10000,	10020,	208,	'PT. Sumatraco',	'2020-07-17 21:05:41',	2,	'2020-07-27 18:08:32',	1),
(26,	'2020-05-27 08:07:18',	'367/DO/V/2020',	'M 8697 UA',	34,	10000,	10040,	216,	'PT. Sumatraco',	'2020-07-17 21:06:09',	2,	'2020-07-27 18:07:18',	1),
(27,	'2020-05-27 08:07:40',	'367/DO/V/2020',	'M 8043 UP',	34,	10000,	10060,	202,	'PT. Sumatraco',	'2020-07-17 21:07:17',	2,	'2020-07-27 18:07:40',	1),
(28,	'2020-05-27 08:07:57',	'367/DO/V/2020',	'K 1949 EK',	34,	10000,	10020,	208,	'PT. Sumatraco',	'2020-07-17 21:08:03',	2,	'2020-07-27 18:07:57',	1),
(29,	'2020-05-27 08:08:15',	'367/DO/V/2020',	'M 8873 UA',	34,	10000,	10040,	213,	'PT. Sumatraco',	'2020-07-17 21:08:42',	2,	'2020-07-27 18:08:15',	1),
(30,	'2020-05-28 08:09:06',	'367/DO/V/2020',	'L 8342 US',	34,	10000,	10020,	204,	'PT. Sumatraco',	'2020-07-17 21:09:32',	2,	'2020-07-27 18:09:06',	1),
(31,	'2020-05-28 08:09:24',	'367/DO/V/2020',	'L 8854 UL',	34,	10000,	10060,	209,	'PT. Sumatraco',	'2020-07-17 21:10:06',	2,	'2020-07-27 18:09:24',	1),
(32,	'2020-05-28 08:10:00',	'367/DO/V/2020',	'L 8780 UM',	34,	10000,	10120,	200,	'PT. Sumatraco',	'2020-07-17 21:11:16',	2,	'2020-07-27 18:10:00',	1),
(33,	'2020-05-28 08:10:23',	'367/DO/V/2020',	'M 8646 UV',	34,	10000,	10040,	210,	'PT. Sumatraco',	'2020-07-17 21:11:48',	2,	'2020-07-27 18:10:23',	1),
(34,	'2020-05-28 08:10:45',	'367/DO/V/2020',	'M 9205 VD',	34,	10000,	10040,	215,	'PT. Sumatraco',	'2020-07-17 21:12:11',	2,	'2020-07-27 18:10:45',	1),
(35,	'2020-05-29 08:11:12',	'367/DO/V/2020',	'M 8292 UG',	34,	10000,	10300,	200,	'PT. Sumatraco',	'2020-07-17 21:13:13',	2,	'2020-07-27 18:11:12',	1),
(36,	'2020-06-01 08:11:36',	'367/DO/V/2020',	'M 8617 WD',	34,	10000,	10000,	208,	'PT. Sumatraco',	'2020-07-17 21:14:11',	2,	'2020-07-27 18:11:36',	1),
(37,	'2020-06-01 08:11:52',	'367/DO/V/2020',	'M 8697 UA',	34,	10000,	10080,	212,	'PT. Sumatraco',	'2020-07-17 21:14:49',	2,	'2020-07-27 18:11:52',	1),
(38,	'2020-06-01 08:12:14',	'367/DO/V/2020',	'M 8873 UA',	34,	10000,	10660,	200,	'PT. Sumatraco',	'2020-07-17 21:15:38',	2,	'2020-07-27 18:12:14',	1),
(39,	'2020-06-01 08:12:31',	'367/DO/V/2020',	'M 8043 UP',	34,	10000,	10840,	200,	'PT. Sumatraco',	'2020-07-17 21:16:15',	2,	'2020-07-27 18:12:31',	1),
(40,	'2020-06-01 08:13:04',	'367/DO/V/2020',	'K 1949 EK',	34,	10000,	10500,	200,	'PT. Sumatraco',	'2020-07-17 21:16:35',	2,	'2020-07-27 18:13:04',	1),
(41,	'2020-06-02 08:12:48',	'367/DO/V/2020',	'L 8780 UM',	34,	10000,	11180,	200,	'PT. Sumatraco',	'2020-07-17 21:30:29',	2,	'2020-07-27 18:12:48',	1),
(42,	'2020-06-02 08:13:24',	'367/DO/V/2020',	'L 8342 US',	34,	10000,	10720,	200,	'PT. Sumatraco',	'2020-07-17 21:31:04',	2,	'2020-07-27 18:13:24',	1),
(43,	'2020-06-02 08:13:41',	'367/DO/V/2020',	'M 9205 VD',	34,	10000,	10320,	200,	'PT. Sumatraco',	'2020-07-17 21:31:51',	2,	'2020-07-27 18:13:41',	1),
(44,	'2020-06-02 08:07:04',	'367/DO/V/2020',	'M 8646 uv',	34,	10000,	11100,	200,	'PT. Sumatraco',	'2020-07-17 21:32:09',	2,	'2020-08-21 18:07:04',	1),
(45,	'2020-06-02 08:14:43',	'367/DO/V/2020',	'M 8729 UV',	34,	10000,	11300,	200,	'PT. Sumatraco',	'2020-07-17 21:32:35',	2,	'2020-07-27 18:14:43',	1),
(46,	'2020-06-02 08:15:07',	'367/DO/V/2020',	'M 8447 UN',	34,	10000,	10560,	200,	'PT. Sumatraco',	'2020-07-17 21:32:52',	2,	'2020-07-27 18:15:07',	1),
(47,	'2020-06-03 08:15:58',	'367/DO/V/2020',	'M 8632 UV',	34,	10000,	10760,	200,	'PT. Sumatraco',	'2020-07-17 21:33:17',	2,	'2020-07-27 18:15:58',	1),
(48,	'2020-06-03 08:16:23',	'367/DO/V/2020',	'M 8949 UA',	34,	10000,	11460,	200,	'PT. Sumatraco',	'2020-07-17 21:33:37',	2,	'2020-07-27 18:16:23',	1),
(49,	'2020-06-03 08:16:45',	'367/DO/V/2020',	'W 8267 UD',	34,	10000,	11960,	200,	'PT. Sumatraco',	'2020-07-17 21:34:02',	2,	'2020-07-27 18:16:45',	1),
(50,	'2020-06-03 08:17:06',	'367/DO/V/2020',	'M 8183 UN',	34,	10000,	10820,	200,	'PT. Sumatraco',	'2020-07-17 21:34:25',	2,	'2020-07-27 18:17:06',	1),
(51,	'2020-06-04 08:17:24',	'367/DO/V/2020',	'S 8746 ND',	34,	10000,	11220,	200,	'PT. Sumatraco',	'2020-07-17 21:35:00',	2,	'2020-07-27 18:17:24',	1),
(52,	'2020-06-04 08:17:43',	'367/DO/V/2020',	'M 8646 UV',	34,	10000,	10860,	200,	'PT. Sumatraco',	'2020-07-17 21:35:18',	2,	'2020-07-27 18:17:43',	1),
(53,	'2020-06-04 08:18:03',	'367/DO/V/2020',	'M 8617 WD',	34,	10000,	11560,	200,	'PT. Sumatraco',	'2020-07-17 21:35:38',	2,	'2020-07-27 18:18:03',	1),
(54,	'2020-06-04 08:18:30',	'367/DO/V/2020',	'M 8215 UV',	34,	10000,	11620,	200,	'PT. Sumatraco',	'2020-07-17 21:36:36',	2,	'2020-07-27 18:18:30',	1),
(55,	'2020-06-04 08:18:56',	'367/DO/V/2020',	'M 8043 UP',	34,	10000,	10600,	200,	'PT. Sumatraco',	'2020-07-17 21:37:10',	2,	'2020-07-27 18:18:56',	1),
(56,	'2020-06-04 08:24:41',	'367/DO/V/2020',	'M 8873 UA',	34,	10000,	10700,	200,	'PT. Sumatraco',	'2020-07-17 21:37:42',	2,	'2020-07-27 18:24:41',	1),
(72,	'2020-06-09 08:22:34',	'367/DO/V/2020',	'L 8056 UZ',	34,	20000,	24040,	400,	'PT. Sumatraco',	'2020-07-17 21:49:26',	2,	'2020-07-27 18:22:34',	1),
(74,	'2020-06-08 11:14:04',	'386/DO/VI/2020',	'L 9255 UI',	37,	22000,	22290,	440,	'DEPO TEMAS 55 SURABAYA',	'2020-07-18 04:15:17',	2,	'2020-07-27 21:14:04',	2),
(75,	'2020-06-08 11:13:52',	'386/DO/VI/2020',	'L 9790 UI',	37,	22000,	22300,	440,	'DEPO TEMAS 55 SURABAYA',	'2020-07-18 04:15:39',	2,	'2020-07-27 21:13:52',	2),
(76,	'2020-06-08 11:13:41',	'386/DO/VI/2020',	'L 9648 UV',	37,	21200,	21470,	424,	'DEPO TEMAS 55 SURABAYA',	'2020-07-18 04:16:19',	2,	'2020-07-27 21:13:41',	2),
(77,	'2020-06-08 11:13:31',	'386/DO/VI/2020',	'L9837 UY',	37,	21200,	22040,	424,	'DEPO TEMAS 55 SURABAYA',	'2020-07-18 04:16:53',	2,	'2020-07-27 21:13:31',	2),
(78,	'2020-06-08 11:13:10',	'386/DO/VI/2020',	'L 8925UV',	37,	21200,	21500,	424,	'DEPO TEMAS 55 SURABAYA',	'2020-07-18 04:17:32',	2,	'2020-07-27 21:13:10',	2),
(79,	'2020-06-08 11:13:00',	'386/DO/VI/2020',	'L8429 UE',	37,	21200,	21500,	424,	'DEPO TEMAS 55 SURABAYA',	'2020-07-18 04:17:57',	2,	'2020-07-27 21:13:00',	2),
(80,	'2020-06-08 11:12:50',	'386/DO/VI/2020',	'L 8990 UM',	37,	21200,	22120,	424,	'DEPO TEMAS 55 SURABAYA',	'2020-07-18 04:18:18',	2,	'2020-07-27 21:12:50',	2),
(81,	'2020-06-10 11:12:06',	'386/DO/VI/2020',	'L 8017 UV',	37,	22000,	22200,	440,	'DEPO TEMAS 55 SURABAYA',	'2020-07-18 04:19:23',	2,	'2020-07-27 21:12:06',	2),
(82,	'2020-06-10 11:11:48',	'386/DO/VI/2020',	'M 8632 UV',	37,	10000,	10300,	200,	'DEPO TEMAS 55 SURABAYA',	'2020-07-18 04:20:12',	2,	'2020-07-27 21:11:48',	2),
(83,	'2020-06-14 11:09:47',	'386/DO/VI/2020',	'L 9525 UI',	37,	35000,	36650,	700,	'DEPO TEMAS 55 SURABAYA',	'2020-07-18 04:21:33',	2,	'2020-07-27 21:09:47',	2),
(84,	'2020-06-14 11:09:35',	'386/DO/VI/2020',	'L 8698 UI',	37,	35000,	35640,	700,	'DEPO TEMAS 55 SURABAYA',	'2020-07-18 04:21:58',	2,	'2020-07-27 21:09:35',	2),
(85,	'2020-06-14 11:09:21',	'386/DO/VI/2020',	'M 8949 UI',	37,	10000,	10240,	200,	'DEPO TEMAS 55 SURABAYA',	'2020-07-18 04:22:32',	2,	'2020-07-27 21:09:21',	2),
(86,	'2020-06-14 11:09:10',	'386/DO/VI/2020',	'M 9095 UI',	37,	24000,	24730,	480,	'DEPO TEMAS 55 SURABAYA',	'2020-07-18 04:23:12',	2,	'2020-07-27 21:09:10',	2),
(87,	'2020-06-15 11:08:28',	'386/DO/VI/2020',	'L 9255 UI',	37,	22500,	22800,	450,	'DEPO TEMAS 55 SURABAYA',	'2020-07-18 04:24:04',	2,	'2020-07-27 21:08:28',	2),
(88,	'2020-06-15 11:08:18',	'386/DO/VI/2020',	'L8429 UE',	37,	22500,	23180,	450,	'DEPO TEMAS 55 SURABAYA',	'2020-07-18 04:24:55',	2,	'2020-07-27 21:08:18',	2),
(89,	'2020-06-15 11:08:02',	'386/DO/VI/2020',	'L 9790 UI',	37,	22500,	22510,	450,	'DEPO TEMAS 55 SURABAYA',	'2020-07-18 04:25:38',	2,	'2020-07-27 21:08:02',	2),
(90,	'2020-06-15 11:07:48',	'386/DO/VI/2020',	'L 8124 UK',	37,	36500,	37370,	730,	'DEPO TEMAS 55 SURABAYA',	'2020-07-18 04:26:19',	2,	'2020-07-27 21:07:48',	2),
(91,	'2020-06-22 11:06:40',	'386/DO/VI/2020',	'L 8698 UI',	37,	35000,	35700,	700,	'DEPO TEMAS 55 SURABAYA',	'2020-07-18 04:27:13',	2,	'2020-07-27 21:06:40',	2),
(92,	'2020-06-22 11:06:29',	'386/DO/VI/2020',	'L 9106 UI',	37,	35000,	35540,	700,	'DEPO TEMAS 55 SURABAYA',	'2020-07-18 04:27:47',	2,	'2020-07-27 21:06:29',	2),
(93,	'2020-06-22 11:06:19',	'386/DO/VI/2020',	'L 9525 UI',	37,	35000,	35050,	700,	'DEPO TEMAS 55 SURABAYA',	'2020-07-18 04:28:18',	2,	'2020-07-27 21:06:19',	2),
(94,	'2020-06-22 11:06:06',	'386/DO/VI/2020',	'L 9095 UI',	37,	25000,	25030,	512,	'DEPO TEMAS 55 SURABAYA',	'2020-07-18 04:29:00',	2,	'2020-07-27 21:06:06',	2),
(95,	'2020-06-28 10:59:09',	'386/DO/VI/2020',	'L 9106 UI',	37,	35000,	35300,	700,	'DEPO TEMAS 55 SURABAYA',	'2020-07-18 04:29:49',	2,	'2020-07-27 20:59:09',	2),
(96,	'2020-06-28 10:59:33',	'386/DO/VI/2020',	'L 9791 UI',	37,	21500,	21600,	430,	'DEPO TEMAS 55 SURABAYA',	'2020-07-18 04:31:45',	2,	'2020-07-27 20:59:33',	2),
(97,	'2020-06-28 10:59:56',	'386/DO/VI/2020',	'L 9629 UI',	37,	21500,	22140,	430,	'DEPO TEMAS 55 SURABAYA',	'2020-07-18 04:32:33',	2,	'2020-07-27 20:59:56',	2),
(98,	'2020-06-28 11:00:30',	'386/DO/VI/2020',	'L 8925UV',	37,	21500,	21680,	430,	'DEPO TEMAS 55 SURABAYA',	'2020-07-18 04:45:02',	1,	'2020-07-27 21:00:30',	2),
(99,	'2020-06-28 11:00:43',	'386/DO/VI/2020',	'L 8124 UK',	37,	35000,	35080,	700,	'DEPO TEMAS 55 SURABAYA',	'2020-07-18 04:45:52',	1,	'2020-07-27 21:00:43',	2),
(100,	'2020-06-28 10:58:51',	'386/DO/VI/2020',	'L 9790 UI',	37,	21500,	21520,	430,	'DEPO TEMAS 55 SURABAYA',	'2020-07-18 04:46:37',	1,	'2020-07-27 20:58:51',	2),
(101,	'2020-06-29 11:01:56',	'386/DO/VI/2020',	'L 9525 UI',	37,	30000,	30448,	600,	'DEPO TEMAS 55 SURABAYA',	'2020-07-18 04:47:28',	1,	'2020-07-27 21:01:56',	2),
(102,	'2020-06-29 11:02:39',	'386/DO/VI/2020',	'M 9052 VE',	37,	10000,	10050,	200,	'DEPO TEMAS 55 SURABAYA',	'2020-07-18 04:48:13',	1,	'2020-07-27 21:02:40',	2),
(103,	'2020-06-29 11:04:52',	'436/DO/VI/2020',	'L 9095 UI',	37,	8000,	8255,	160,	'DEPO TEMAS 55 SURABAYA',	'2020-07-18 04:59:18',	2,	'2020-07-27 21:04:52',	2),
(104,	'2020-06-29 11:04:38',	'436/DO/VI/2020',	'L 9107 UI',	37,	21000,	21130,	420,	'DEPO TEMAS 55 SURABAYA',	'2020-07-18 05:00:03',	2,	'2020-07-27 21:04:39',	2),
(105,	'2020-06-29 11:04:19',	'436/DO/VI/2020',	'L 8017 UV',	37,	21000,	21070,	420,	'DEPO TEMAS 55 SURABAYA',	'2020-07-18 05:00:31',	2,	'2020-07-27 21:04:19',	2),
(106,	'2020-07-13 10:39:29',	'436/DO/VI/2020',	'L 9837 UY',	37,	21500,	21930,	430,	'DEPO TEMAS 55 SURABAYA',	'2020-07-18 05:01:50',	2,	'2020-07-27 20:39:29',	2),
(107,	'2020-07-13 10:39:42',	'436/DO/VI/2020',	'L 9629 UI',	37,	21500,	21760,	430,	'DEPO TEMAS 55 SURABAYA',	'2020-07-18 05:02:22',	2,	'2020-07-27 20:39:42',	2),
(108,	'2020-07-13 10:39:54',	'436/DO/VI/2020',	'L 9648 UV',	37,	21500,	21810,	430,	'DEPO TEMAS 55 SURABAYA',	'2020-07-18 05:02:53',	2,	'2020-07-27 20:39:54',	2),
(109,	'2020-07-13 10:40:07',	'436/DO/VI/2020',	'L 8990 UM',	37,	21500,	21550,	430,	'DEPO TEMAS 55 SURABAYA',	'2020-07-18 05:03:29',	2,	'2020-07-27 20:40:07',	2),
(110,	'2020-07-13 10:40:19',	'436/DO/VI/2020',	'L 8429 UE',	37,	22000,	22040,	440,	'DEPO TEMAS 55 SURABAYA',	'2020-07-18 05:04:23',	2,	'2020-07-27 20:40:19',	2),
(111,	'2020-07-13 10:39:03',	'436/DO/VI/2020',	'L 9255 UI',	37,	22000,	22270,	440,	'DEPO TEMAS 55 SURABAYA',	'2020-07-18 05:04:49',	2,	'2020-07-27 20:39:03',	2),
(116,	'2020-07-02 10:50:18',	'436/DO/VI/2020',	'L 8124 UK',	37,	35000,	35280,	700,	'PT. Sumatraco',	'2020-07-18 05:19:31',	2,	'2020-07-27 20:50:18',	2),
(118,	'2020-07-05 10:42:59',	'436/DO/VI/2020',	'L 9106 UI',	37,	35000,	36250,	700,	'PT. Sumatraco',	'2020-07-18 05:20:47',	2,	'2020-07-27 20:42:59',	2),
(119,	'2020-07-06 10:42:45',	'436/DO/VI/2020',	'L 9525 UI',	37,	35000,	35010,	700,	'PT. Sumatraco',	'2020-07-18 05:21:22',	2,	'2020-07-27 20:42:45',	2),
(120,	'2020-06-03 11:14:44',	'386/DO/VI/2020',	'B 9561UN',	37,	40000,	40000,	800,	'CV. INTAN SUNGAI PALEMBANG',	'2020-07-18 05:24:00',	2,	'2020-07-27 21:14:44',	2),
(121,	'2020-06-03 11:14:32',	'386/DO/VI/2020',	'B 9562 UN',	37,	40000,	40000,	800,	'CV. INTAN SUNGAI PALEMBANG',	'2020-07-18 05:24:17',	2,	'2020-07-27 21:14:32',	2),
(122,	'2020-06-12 11:11:28',	'386/DO/VI/2020',	'BG 8442 IC',	37,	40000,	40000,	800,	'CV. INTAN SUNGAI PALEMBANG',	'2020-07-18 05:26:01',	2,	'2020-07-27 21:11:28',	2),
(123,	'2020-06-12 11:11:15',	'386/DO/VI/2020',	'BG 8443 IC',	37,	40000,	40000,	800,	'CV. INTAN SUNGAI PALEMBANG',	'2020-07-18 05:26:14',	2,	'2020-07-27 21:11:15',	2),
(124,	'2020-06-12 11:10:59',	'386/DO/VI/2020',	'BG 8501 IB',	37,	40000,	40000,	800,	'CV. INTAN SUNGAI PALEMBANG',	'2020-07-18 05:26:29',	2,	'2020-07-27 21:10:59',	2),
(125,	'2020-06-20 11:07:03',	'386/DO/VI/2020',	'BG 8381 IJ',	37,	40000,	40930,	800,	'CV. INTAN SUNGAI PALEMBANG',	'2020-07-18 05:27:28',	2,	'2020-07-27 21:07:03',	2),
(126,	'2020-07-02 10:50:03',	'436/DO/VI/2020',	'BG 8341 IB',	37,	43000,	43550,	860,	'CV. INTAN SUNGAI PALEMBANG',	'2020-07-18 05:36:30',	2,	'2020-07-27 20:50:03',	2),
(127,	'2020-07-10 10:43:25',	'436/DO/VI/2020',	'B 9907 UE',	37,	40000,	40410,	800,	'CV. INTAN SUNGAI PALEMBANG',	'2020-07-18 05:37:19',	2,	'2020-07-27 20:43:25',	2),
(128,	'2020-07-10 10:42:33',	'436/DO/VI/2020',	'B 9908 UE',	37,	40000,	40800,	800,	'CV. INTAN SUNGAI PALEMBANG',	'2020-07-18 05:37:42',	2,	'2020-07-27 20:42:33',	2),
(129,	'2020-07-11 10:42:18',	'436/DO/VI/2020',	'BG 8930 IG',	37,	40000,	41240,	800,	'CV. INTAN SUNGAI PALEMBANG',	'2020-07-18 05:38:05',	2,	'2020-07-27 20:42:18',	2),
(130,	'2020-07-12 10:26:31',	'436/DO/VI/2020',	'BG 8179 IG',	37,	40000,	40500,	800,	'CV. INTAN SUNGAI PALEMBANG',	'2020-07-18 05:38:31',	2,	'2020-07-27 20:26:31',	2),
(131,	'2020-07-12 10:41:50',	'436/DO/VI/2020',	'B 9861 UE',	37,	40000,	40410,	800,	'CV. INTAN SUNGAI PALEMBANG',	'2020-07-18 05:38:49',	2,	'2020-07-27 20:41:50',	2),
(132,	'2020-07-12 10:41:37',	'436/DO/VI/2020',	'B 9105 TY',	37,	40000,	40100,	800,	'CV. INTAN SUNGAI PALEMBANG',	'2020-07-18 05:39:37',	2,	'2020-07-27 20:41:37',	2),
(133,	'2020-07-12 10:41:25',	'436/DO/VI/2020',	'BG 8443 IC',	37,	40000,	40370,	800,	'CV. INTAN SUNGAI PALEMBANG',	'2020-07-18 05:39:58',	2,	'2020-07-27 20:41:25',	2),
(134,	'2020-07-12 10:41:13',	'436/DO/VI/2020',	'BG 8776 OW',	37,	40000,	40950,	800,	'CV. INTAN SUNGAI PALEMBANG',	'2020-07-18 05:40:31',	2,	'2020-07-27 20:41:13',	2),
(135,	'2020-07-14 10:31:18',	'436/DO/VI/2020',	'B 9562 UI',	37,	40000,	40890,	800,	'CV. INTAN SUNGAI PALEMBANG',	'2020-07-18 05:41:02',	2,	'2020-07-27 20:31:18',	2),
(136,	'2020-07-14 10:28:33',	'436/DO/VI/2020',	'BG 83 94 I',	37,	40000,	40290,	800,	'CV. INTAN SUNGAI PALEMBANG',	'2020-07-18 05:41:39',	2,	'2020-07-27 20:28:33',	2),
(137,	'2020-06-17 11:07:33',	'386/DO/VI/2020',	'M 8873 UA',	37,	10000,	10020,	200,	'PT. Sumatraco',	'2020-07-18 05:49:25',	2,	'2020-07-27 21:07:33',	2),
(138,	'2020-06-17 11:07:17',	'386/DO/VI/2020',	'L 8017 UV',	37,	20000,	20200,	400,	'PT. Sumatraco',	'2020-07-18 05:50:14',	2,	'2020-07-27 21:07:17',	2),
(139,	'2020-06-29 11:03:35',	'386/DO/VI/2020',	'L 9095 UI',	37,	14000,	1445,	280,	'DEPO TEMAS 55 SURABAYA',	'2020-07-18 06:06:03',	2,	'2020-07-27 21:03:35',	2),
(153,	'2020-06-08 08:27:29',	'367/DO/V/2020',	'M 8949 UA',	34,	10000,	10620,	200,	'PT. Sumatraco',	'2020-07-21 19:35:40',	2,	'2020-07-27 18:27:29',	1),
(154,	'2020-06-05 08:19:45',	'367/DO/V/2020',	'M 8644 WD',	34,	10000,	11100,	200,	'PT. Sumatraco',	'2020-07-21 19:39:00',	2,	'2020-07-27 18:19:45',	1),
(155,	'2020-06-05 08:20:07',	'367/DO/V/2020',	'M 8862 UD',	34,	10000,	10020,	205,	'PT. Sumatraco',	'2020-07-21 19:40:57',	2,	'2020-07-27 18:20:07',	1),
(156,	'2020-06-05 08:20:33',	'367/DO/V/2020',	'M 8599 UV',	34,	9000,	9060,	180,	'PT. Sumatraco',	'2020-07-21 19:41:47',	2,	'2020-07-27 18:20:33',	1),
(157,	'2020-06-05 08:25:35',	'367/DO/V/2020',	'M 8697 UA',	34,	10000,	10940,	200,	'PT. Sumatraco',	'2020-07-21 19:43:30',	2,	'2020-07-27 18:25:35',	1),
(158,	'2020-06-05 08:25:11',	'367/DO/V/2020',	'M 8949 UA',	34,	10000,	10200,	200,	'PT. Sumatraco',	'2020-07-21 19:44:27',	2,	'2020-07-27 18:25:12',	1),
(159,	'2020-06-05 08:26:06',	'367/DO/V/2020',	'M 8453 UV',	34,	10000,	10720,	200,	'PT. Sumatraco',	'2020-07-21 19:45:15',	2,	'2020-07-27 18:26:06',	1),
(160,	'2020-06-07 08:26:30',	'367/DO/V/2020',	'L 8342 US',	34,	10000,	10660,	200,	'PT. Sumatraco',	'2020-07-21 19:46:29',	2,	'2020-07-27 18:26:30',	1),
(161,	'2020-06-07 08:27:08',	'367/DO/V/2020',	'M 8632 UV',	34,	10000,	10400,	200,	'PT. Sumatraco',	'2020-07-21 19:47:31',	2,	'2020-07-27 18:27:08',	1),
(162,	'2020-06-07 08:24:16',	'367/DO/V/2020',	'S 9853 PB',	34,	10000,	10700,	200,	'PT. Sumatraco',	'2020-07-21 19:48:16',	2,	'2020-07-27 18:24:16',	1),
(163,	'2020-06-08 08:23:30',	'367/DO/V/2020',	'M 9205 VD',	34,	10000,	10880,	200,	'PT. Sumatraco',	'2020-07-21 19:49:03',	2,	'2020-07-27 18:23:30',	1),
(164,	'2020-06-08 08:08:37',	'367/DO/V/2020',	'm 8646 uv',	34,	10000,	10440,	200,	'PT. Sumatraco',	'2020-07-21 19:49:36',	2,	'2020-08-21 18:08:37',	1),
(165,	'2020-06-08 08:23:07',	'367/DO/V/2020',	'M 8617 WD',	34,	10000,	10500,	200,	'PT. Sumatraco',	'2020-07-21 19:50:01',	2,	'2020-07-27 18:23:07',	1),
(166,	'2020-06-08 08:22:57',	'367/DO/V/2020',	'M 8453 UV',	34,	10000,	11020,	200,	'PT. Sumatraco',	'2020-07-21 19:53:18',	2,	'2020-07-27 18:22:57',	1),
(167,	'2020-06-08 08:22:46',	'367/DO/V/2020',	'M 8873 UA',	34,	10000,	10900,	200,	'PT. Sumatraco',	'2020-07-21 19:54:09',	2,	'2020-07-27 18:22:46',	1),
(168,	'2020-06-10 08:22:25',	'367/DO/V/2020',	'L 9095 UI',	34,	22000,	22840,	440,	'PT. Sumatraco',	'2020-07-21 19:55:47',	2,	'2020-07-27 18:22:25',	1),
(169,	'2020-06-11 08:22:14',	'367/DO/V/2020',	'M 8453 UV',	34,	10000,	10860,	200,	'PT. Sumatraco',	'2020-07-21 20:00:27',	2,	'2020-07-27 18:22:14',	1),
(170,	'2020-06-11 08:21:46',	'367/DO/V/2020',	'M 8873 UA',	34,	10000,	11160,	200,	'PT. Sumatraco',	'2020-07-21 20:00:58',	2,	'2020-07-27 18:21:46',	1),
(171,	'2020-06-11 08:21:35',	'367/DO/V/2020',	'M 8043 UP',	34,	10000,	11400,	200,	'PT. Sumatraco',	'2020-07-21 20:01:55',	2,	'2020-07-27 18:21:35',	1),
(172,	'2020-06-11 08:21:24',	'367/DO/V/2020',	'M 8646 UV',	34,	10000,	10700,	200,	'PT. Sumatraco',	'2020-07-21 20:03:28',	2,	'2020-07-27 18:21:24',	1),
(173,	'2020-06-11 08:21:13',	'367/DO/V/2020',	'M 8617 WD',	34,	10000,	10860,	200,	'PT. Sumatraco',	'2020-07-21 20:05:35',	2,	'2020-07-27 18:21:13',	1),
(174,	'2020-06-12 08:21:04',	'367/DO/V/2020',	'L 8017 UV',	34,	22000,	23060,	440,	'PT. Sumatraco',	'2020-07-21 20:07:45',	2,	'2020-07-27 18:21:04',	1),
(175,	'2020-06-14 08:20:54',	'367/DO/V/2020',	'L 9791 UI',	34,	17000,	17959,	340,	'PT. Sumatraco',	'2020-07-21 20:09:55',	2,	'2020-07-27 18:20:54',	1),
(176,	'2020-06-14 09:35:26',	'367/DO/V/2020',	'L 9791 UI',	30,	5000,	5282,	100,	'PT. Sumatraco',	'2020-07-21 20:16:43',	2,	'2020-07-27 19:35:26',	2),
(177,	'2020-06-14 09:35:51',	'367/DO/V/2020',	'L 9107 UI',	30,	22000,	23020,	440,	'PT. Sumatraco',	'2020-07-21 20:18:01',	2,	'2020-07-27 19:35:51',	2),
(178,	'2020-06-14 09:36:05',	'367/DO/V/2020',	'M 8453 UV',	30,	10000,	10500,	200,	'PT. Sumatraco',	'2020-07-21 20:19:17',	2,	'2020-07-27 19:36:05',	2),
(179,	'2020-06-15 09:36:18',	'367/DO/V/2020',	'L 8990 UM',	30,	22000,	22610,	440,	'PT. Sumatraco',	'2020-07-21 20:23:50',	2,	'2020-07-27 19:36:18',	2),
(180,	'2020-06-15 09:36:46',	'367/DO/V/2020',	'L 8056 UZ',	30,	22000,	23980,	440,	'PT. Sumatraco',	'2020-07-21 20:26:28',	2,	'2020-07-27 19:36:46',	2),
(181,	'2020-06-15 09:37:00',	'367/DO/V/2020',	'L 9629 UI',	30,	22000,	24480,	440,	'PT. Sumatraco',	'2020-07-21 20:28:19',	2,	'2020-07-27 19:37:00',	2),
(182,	'2020-06-15 09:37:11',	'367/DO/V/2020',	'L 9837 UI',	30,	22000,	23500,	440,	'PT. Sumatraco',	'2020-07-21 20:29:07',	2,	'2020-07-27 19:37:11',	2),
(183,	'2020-06-15 09:37:23',	'367/DO/V/2020',	'L 8925UV',	30,	22000,	22620,	440,	'PT. Sumatraco',	'2020-07-21 20:29:44',	2,	'2020-07-27 19:37:23',	2),
(184,	'2020-06-16 09:37:34',	'367/DO/V/2020',	'M 8949 UA',	30,	3000,	3480,	60,	'PT. Sumatraco',	'2020-07-21 20:31:08',	2,	'2020-07-27 19:37:34',	2),
(185,	'2020-06-19 09:34:04',	'447/DO/VI/2020',	'M 9006 UA',	30,	3000,	3294,	60,	'PT. Sumatraco',	'2020-07-21 20:35:02',	2,	'2020-07-27 19:34:04',	2),
(186,	'2020-06-19 09:33:50',	'447/DO/VI/2020',	'M 9205 VD',	30,	10000,	10600,	200,	'PT. Sumatraco',	'2020-07-21 20:35:49',	2,	'2020-07-27 19:33:50',	2),
(187,	'2020-06-19 09:33:38',	'447/DO/VI/2020',	'L 9095 UI',	30,	25000,	26060,	500,	'PT. Sumatraco',	'2020-07-21 20:37:16',	2,	'2020-07-27 19:33:38',	2),
(188,	'2020-06-21 09:33:15',	'447/DO/VI/2020',	'L 9790 UI',	30,	22000,	23380,	440,	'PT. Sumatraco',	'2020-07-21 20:37:56',	2,	'2020-07-27 19:33:15',	2),
(189,	'2020-06-21 09:33:06',	'447/DO/VI/2020',	'L 9791 UI',	30,	22000,	23020,	440,	'PT. Sumatraco',	'2020-07-21 20:40:03',	2,	'2020-07-27 19:33:06',	2),
(190,	'2020-06-21 09:32:55',	'447/DO/VI/2020',	'L 9837 UY',	30,	22000,	23270,	440,	'PT. Sumatraco',	'2020-07-21 20:41:01',	2,	'2020-07-27 19:32:55',	2),
(191,	'2020-06-21 09:32:45',	'447/DO/VI/2020',	'L 9255 UI',	30,	22000,	23480,	440,	'PT. Sumatraco',	'2020-07-21 20:41:50',	2,	'2020-07-27 19:32:45',	2),
(192,	'2020-06-21 09:32:29',	'447/DO/VI/2020',	'L  9629 UI',	30,	22000,	23410,	440,	'PT. Sumatraco',	'2020-07-21 20:42:38',	2,	'2020-07-27 19:32:29',	2),
(193,	'2020-06-22 09:31:19',	'447/DO/VI/2020',	'L 8017 UV',	30,	22000,	23690,	440,	'PT. Sumatraco',	'2020-07-21 20:43:34',	2,	'2020-07-27 19:31:19',	2),
(194,	'2020-06-22 09:31:08',	'447/DO/VI/2020',	'L 9648 UY',	30,	22000,	23850,	440,	'PT. Sumatraco',	'2020-07-21 20:44:22',	2,	'2020-07-27 19:31:08',	2),
(195,	'2020-06-22 09:30:57',	'447/DO/VI/2020',	'L 9107 UI',	30,	22000,	23210,	440,	'PT. Sumatraco',	'2020-07-21 20:45:19',	2,	'2020-07-27 19:30:57',	2),
(196,	'2020-06-22 09:30:46',	'447/DO/VI/2020',	'L 8429 UE',	30,	22000,	23410,	440,	'PT. Sumatraco',	'2020-07-21 20:46:12',	2,	'2020-07-27 19:30:46',	2),
(198,	'2020-06-25 09:30:16',	'447/DO/VI/2020',	'L 9464 UY',	30,	22000,	23320,	440,	'PT. Sumatraco',	'2020-07-21 20:49:18',	2,	'2020-07-27 19:30:16',	2),
(199,	'2020-06-25 09:30:06',	'447/DO/VI/2020',	'L 8056 UZ',	30,	22000,	23350,	440,	'PT. Sumatraco',	'2020-07-21 20:49:46',	2,	'2020-07-27 19:30:06',	2),
(200,	'2020-06-25 09:29:54',	'447/DO/VI/2020',	'L 8990 UM',	30,	22000,	23320,	440,	'PT. Sumatraco',	'2020-07-21 20:50:27',	2,	'2020-07-27 19:29:54',	2),
(201,	'2020-06-28 09:29:41',	'447/DO/VI/2020',	'M 8292 UG',	30,	10000,	10400,	200,	'PT. Sumatraco',	'2020-07-21 20:51:31',	2,	'2020-07-27 19:29:41',	2),
(202,	'2020-06-28 09:29:30',	'447/DO/VI/2020',	'M 8617 WD',	30,	10000,	11000,	200,	'PT. Sumatraco',	'2020-07-21 20:52:13',	2,	'2020-07-27 19:29:30',	2),
(203,	'2020-06-30 09:29:13',	'447/DO/VI/2020',	'L 8056 UZ',	30,	22000,	23590,	440,	'PT. Sumatraco',	'2020-07-21 20:53:36',	2,	'2020-07-27 19:29:13',	2),
(204,	'2020-06-30 09:29:00',	'447/DO/VI/2020',	'L 8698 UI',	30,	35000,	37410,	700,	'PT. Sumatraco',	'2020-07-21 20:54:32',	2,	'2020-07-27 19:29:00',	2),
(205,	'2020-06-30 09:28:40',	'447/DO/VI/2020',	'L 9648 UY',	30,	22000,	23520,	440,	'PT. Sumatraco',	'2020-07-21 20:55:12',	2,	'2020-07-27 19:28:40',	2),
(214,	'2020-06-22 09:30:32',	'447/DO/VI/2020',	'BE 8361 LV',	30,	30000,	31680,	600,	'CV. IKAN MAS CIKARANG',	'2020-07-21 21:07:50',	2,	'2020-07-27 19:30:32',	2),
(215,	'2020-07-01 09:28:28',	'447/DO/VI/2020',	'L 9464 UY',	30,	22000,	23400,	440,	'PT. Sumatraco',	'2020-07-21 21:23:38',	2,	'2020-07-27 19:28:28',	2),
(216,	'2020-07-01 09:28:16',	'447/DO/VI/2020',	'L 8429 UE',	30,	22000,	23840,	440,	'PT. Sumatraco',	'2020-07-21 21:24:55',	2,	'2020-07-27 19:28:16',	2),
(217,	'2020-07-01 09:28:05',	'447/DO/VI/2020',	'L 8990 UM',	30,	22000,	23460,	440,	'PT. Sumatraco',	'2020-07-21 21:25:41',	2,	'2020-07-27 19:28:05',	2),
(218,	'2020-07-02 09:27:50',	'447/DO/VI/2020',	'L 8490 UD',	30,	21000,	22360,	420,	'PT. Sumatraco',	'2020-07-21 21:27:18',	2,	'2020-07-27 19:27:50',	2),
(219,	'2020-07-02 09:27:39',	'447/DO/VI/2020',	'L 9107 UI',	30,	22000,	24040,	440,	'PT. Sumatraco',	'2020-07-21 21:28:30',	2,	'2020-07-27 19:27:39',	2),
(220,	'2020-07-03 09:27:17',	'447/DO/VI/2020',	'L 8925 UV',	30,	22000,	23770,	440,	'PT. Sumatraco',	'2020-07-21 21:29:08',	2,	'2020-07-27 19:27:17',	2),
(221,	'2020-07-03 09:27:04',	'447/DO/VI/2020',	'L 9095 UI',	30,	25000,	27290,	500,	'PT. Sumatraco',	'2020-07-21 21:30:02',	2,	'2020-07-27 19:27:04',	2),
(222,	'2020-07-03 09:26:54',	'447/DO/VI/2020',	'M 8644 WD',	30,	10000,	10600,	200,	'PT. Sumatraco',	'2020-07-21 21:30:38',	2,	'2020-07-27 19:26:54',	2),
(223,	'2020-07-02 09:27:28',	'447/DO/VI/2020',	'BE 8411 FA',	30,	22000,	23390,	440,	'LOSARANG',	'2020-07-21 21:32:55',	2,	'2020-07-27 19:27:28',	2),
(224,	'2020-07-05 09:38:46',	'447/DO/VI/2020',	'L9837 UY',	30,	22000,	24040,	440,	'PT. Sumatraco',	'2020-07-21 21:34:33',	2,	'2020-07-27 19:38:46',	2),
(225,	'2020-07-05 09:26:23',	'447/DO/VI/2020',	'L 8056 UZ',	30,	22000,	24190,	440,	'PT. Sumatraco',	'2020-07-21 21:35:30',	2,	'2020-07-27 19:26:23',	2),
(226,	'2020-07-05 09:26:10',	'447/DO/VI/2020',	'S 9543 UN',	30,	10000,	10840,	200,	'PT. Sumatraco',	'2020-07-21 21:36:53',	2,	'2020-07-27 19:26:10',	2),
(227,	'2020-07-05 09:25:59',	'447/DO/VI/2020',	'L 9791 UI',	30,	22000,	23790,	440,	'PT. Sumatraco',	'2020-07-21 21:37:46',	2,	'2020-07-27 19:25:59',	2),
(228,	'2020-07-06 09:25:46',	'447/DO/VI/2020',	'L 9255 UI',	30,	22000,	24310,	440,	'PT. Sumatraco',	'2020-07-21 21:38:26',	2,	'2020-07-27 19:25:46',	2),
(229,	'2020-07-06 09:25:28',	'447/DO/VI/2020',	'L 9464 UY',	30,	22000,	24270,	440,	'PT. Sumatraco',	'2020-07-21 21:38:55',	2,	'2020-07-27 19:25:28',	2),
(230,	'2020-07-06 09:25:16',	'447/DO/VI/2020',	'L 8890 UM',	30,	22000,	24020,	440,	'PT. Sumatraco',	'2020-07-21 21:39:21',	2,	'2020-07-27 19:25:16',	2),
(231,	'2020-07-07 09:25:01',	'447/DO/VI/2020',	'L 9107 UI',	30,	22000,	24120,	440,	'PT. Sumatraco',	'2020-07-21 21:39:51',	2,	'2020-07-27 19:25:01',	2),
(232,	'2020-07-07 09:24:45',	'447/DO/VI/2020',	'L 8490 UD',	30,	21000,	23080,	420,	'PT. Sumatraco',	'2020-07-21 21:40:24',	2,	'2020-07-27 19:24:45',	2),
(233,	'2020-07-08 09:24:18',	'447/DO/VI/2020',	'L 9095 UI',	30,	25000,	27110,	500,	'PT. Sumatraco',	'2020-07-21 22:02:37',	2,	'2020-07-27 19:24:18',	2),
(234,	'2020-07-08 09:24:05',	'447/DO/VI/2020',	'M 8697 UA',	30,	10000,	10980,	200,	'PT. Sumatraco',	'2020-07-21 22:03:34',	2,	'2020-07-27 19:24:05',	2),
(235,	'2020-07-08 09:23:36',	'447/DO/VI/2020',	'M 8904 UV',	30,	10000,	10890,	200,	'PT. Sumatraco',	'2020-07-21 22:05:29',	2,	'2020-07-27 19:23:36',	2),
(236,	'2020-07-08 09:23:23',	'447/DO/VI/2020',	'M 8447 UN',	30,	10000,	10850,	200,	'PT. Sumatraco',	'2020-07-21 22:06:13',	2,	'2020-07-27 19:23:23',	2),
(237,	'2020-07-08 09:22:31',	'447/DO/VI/2020',	'L 8698 UI',	30,	35000,	38720,	700,	'PT. Sumatraco',	'2020-07-21 22:07:01',	2,	'2020-07-27 19:22:31',	2),
(238,	'2020-07-09 09:22:13',	'447/DO/VI/2020',	'L 8124 UK',	30,	35000,	38180,	700,	'PT. Sumatraco',	'2020-07-21 22:08:23',	2,	'2020-07-27 19:22:13',	2),
(239,	'2020-07-09 09:22:03',	'447/DO/VI/2020',	'L 8925 UV',	30,	22000,	23550,	440,	'PT. Sumatraco',	'2020-07-21 22:10:00',	2,	'2020-07-27 19:22:03',	2),
(240,	'2020-07-09 09:21:50',	'447/DO/VI/2020',	'M  8644 WD',	30,	9500,	10190,	190,	'PT. Sumatraco',	'2020-07-21 22:10:48',	2,	'2020-07-27 19:21:50',	2),
(241,	'2020-07-10 09:21:35',	'447/DO/VI/2020',	'L 8056 UZ',	30,	19500,	21230,	390,	'PT. Sumatraco',	'2020-07-21 22:11:53',	2,	'2020-07-27 19:21:35',	2),
(242,	'2020-07-10 09:21:24',	'447/DO/VI/2020',	'M 8832 UA',	30,	10000,	10980,	200,	'PT. Sumatraco',	'2020-07-21 22:12:39',	2,	'2020-07-27 19:21:24',	2),
(243,	'2020-07-10 09:20:48',	'447/DO/VI/2020',	'M 8862UV',	30,	10000,	10880,	200,	'PT. Sumatraco',	'2020-07-21 22:13:35',	2,	'2020-07-27 19:20:48',	2),
(244,	'2020-06-16 09:42:00',	'367/DO/V/2020',	'M 8949 UA',	26,	7000,	8120,	140,	'PT. Sumatraco',	'2020-07-21 22:18:49',	2,	'2020-07-27 19:42:00',	2),
(245,	'2020-06-16 09:41:47',	'367/DO/V/2020',	'L 9648 UY',	26,	22000,	23920,	440,	'PT. Sumatraco',	'2020-07-21 22:19:35',	2,	'2020-07-27 19:41:47',	2),
(246,	'2020-06-17 09:41:27',	'367/DO/V/2020',	'L 8056 UZ',	26,	20000,	21520,	400,	'PT. Sumatraco',	'2020-07-21 22:20:32',	2,	'2020-07-27 19:41:27',	2),
(247,	'2020-06-17 09:41:37',	'367/DO/V/2020',	'L 8925 UV',	26,	20000,	21560,	400,	'PT. Sumatraco',	'2020-07-21 22:21:43',	2,	'2020-07-27 19:41:37',	2),
(248,	'2020-06-17 09:41:18',	'367/DO/V/2020',	'M 8632 UV',	26,	10000,	11320,	200,	'PT. Sumatraco',	'2020-07-21 22:22:33',	2,	'2020-07-27 19:41:18',	2),
(249,	'2020-06-18 09:41:10',	'367/DO/V/2020',	'L 8429 UE',	26,	22000,	23780,	440,	'PT. Sumatraco',	'2020-07-21 22:23:29',	2,	'2020-07-27 19:41:10',	2),
(250,	'2020-06-18 09:40:59',	'367/DO/V/2020',	'L 8990 UM',	26,	22000,	23780,	440,	'PT. Sumatraco',	'2020-07-21 22:24:03',	2,	'2020-07-27 19:40:59',	2),
(251,	'2020-06-19 09:40:50',	'367/DO/V/2020',	'M 8983 UN',	26,	10000,	10620,	200,	'PT. Sumatraco',	'2020-07-21 22:25:18',	2,	'2020-07-27 19:40:50',	2),
(252,	'2020-06-19 09:40:41',	'367/DO/V/2020',	'M 8949 UA',	26,	10000,	10700,	200,	'PT. Sumatraco',	'2020-07-21 22:25:46',	2,	'2020-07-27 19:40:41',	2),
(253,	'2020-06-19 09:40:29',	'367/DO/V/2020',	'M 9006 UA',	26,	7000,	7686,	140,	'PT. Sumatraco',	'2020-07-21 22:27:30',	2,	'2020-07-27 19:40:29',	2),
(258,	'2020-07-17 10:27:41',	'436/DO/VI/2020',	'BG 8274 UW',	37,	40000,	40780,	800,	'CV. INTAN SUNGAI PALEMBANG',	'2020-07-22 22:20:09',	2,	'2020-07-27 20:27:41',	2),
(259,	'2020-07-12 11:29:49',	'531/DO/VII/2020',	'M 8697 UA',	10,	10000,	10070,	200,	'PT. Sumatraco',	'2020-07-22 22:29:46',	2,	'2020-07-27 21:29:49',	2),
(260,	'2020-07-14 11:31:16',	'531/DO/VII/2020',	'L 8124 UK',	10,	33000,	33000,	660,	'PT. Sumatraco',	'2020-07-22 22:31:03',	2,	'2020-07-27 21:31:16',	2),
(261,	'2020-07-15 11:31:29',	'531/DO/VII/2020',	'L 9525 UI',	10,	35000,	35130,	700,	'PT. Sumatraco',	'2020-07-22 22:32:25',	2,	'2020-07-27 21:31:29',	2),
(262,	'2020-07-15 11:31:39',	'531/DO/VII/2020',	'M 8697 UA',	10,	10000,	10050,	200,	'PT. Sumatraco',	'2020-07-22 22:33:00',	2,	'2020-07-27 21:31:39',	2),
(263,	'2020-07-15 11:31:55',	'531/DO/VII/2020',	'M 9205 VD',	10,	10000,	10170,	200,	'PT. Sumatraco',	'2020-07-22 22:33:40',	2,	'2020-07-27 21:31:55',	2),
(264,	'2020-07-15 11:32:10',	'531/DO/VII/2020',	'M 8043 UP',	10,	10000,	10060,	200,	'PT. Sumatraco',	'2020-07-22 22:34:40',	2,	'2020-07-27 21:32:10',	2),
(265,	'2020-07-16 11:32:31',	'531/DO/VII/2020',	'M 9052 VE',	10,	10000,	10320,	200,	'PT. Sumatraco',	'2020-07-22 22:35:11',	2,	'2020-07-27 21:32:31',	2),
(266,	'2020-07-16 11:32:42',	'531/DO/VII/2020',	'L 8925 UV',	10,	22000,	22600,	440,	'PT. Sumatraco',	'2020-07-22 22:35:53',	2,	'2020-07-27 21:32:42',	2),
(267,	'2020-07-16 11:32:55',	'531/DO/VII/2020',	'L 9255 UI',	10,	22000,	23360,	440,	'PT. Sumatraco',	'2020-07-22 22:36:30',	2,	'2020-07-27 21:32:55',	2),
(268,	'2020-07-16 11:33:10',	'531/DO/VII/2020',	'M 9006 UA',	10,	10000,	10050,	200,	'PT. Sumatraco',	'2020-07-22 22:37:06',	2,	'2020-07-27 21:33:10',	2),
(269,	'2020-07-17 11:33:29',	'531/DO/VII/2020',	'L 8419 UD',	10,	10000,	10090,	200,	'PT. Sumatraco',	'2020-07-22 22:37:43',	2,	'2020-07-27 21:33:29',	2),
(270,	'2020-07-17 11:33:47',	'531/DO/VII/2020',	'S 9543 UN',	10,	10750,	10830,	215,	'PT. Sumatraco',	'2020-07-22 22:38:25',	2,	'2020-07-27 21:33:47',	2),
(271,	'2020-07-17 11:34:01',	'531/DO/VII/2020',	'M 9864 V',	10,	10750,	10910,	215,	'PT. Sumatraco',	'2020-07-22 22:38:50',	2,	'2020-07-27 21:34:01',	2),
(272,	'2020-07-17 11:34:20',	'531/DO/VII/2020',	'M 8617 WD',	10,	10000,	10350,	200,	'PT. Sumatraco',	'2020-07-22 22:39:20',	2,	'2020-07-27 21:34:21',	2),
(273,	'2020-07-19 11:18:29',	'531/DO/VII/2020',	'M 8904 UV',	14,	10000,	10610,	200,	'PT. Sumatraco',	'2020-07-22 22:44:47',	2,	'2020-07-27 21:18:29',	2),
(274,	'2020-07-19 11:18:43',	'531/DO/VII/2020',	'L 8017 UV',	14,	22000,	22030,	440,	'PT. Sumatraco',	'2020-07-22 22:45:21',	2,	'2020-07-27 21:18:43',	2),
(275,	'2020-07-19 11:18:53',	'531/DO/VII/2020',	'M 8043 UP',	14,	10000,	10110,	200,	'PT. Sumatraco',	'2020-07-22 22:46:55',	2,	'2020-07-27 21:18:53',	2),
(276,	'2020-07-19 11:19:02',	'531/DO/VII/2020',	'M 8697 UA',	14,	10000,	10280,	200,	'PT. Sumatraco',	'2020-07-22 22:47:19',	2,	'2020-07-27 21:19:02',	2),
(277,	'2020-07-19 11:19:15',	'531/DO/VII/2020',	'L 8490 UD',	14,	22000,	22000,	440,	'PT. Sumatraco',	'2020-07-22 22:47:52',	2,	'2020-07-27 21:19:15',	2),
(279,	'2020-07-20 11:20:43',	'531/DO/VII/2020',	'L 9107 UI',	14,	22000,	23460,	440,	'PT. Sumatraco',	'2020-07-22 22:51:03',	2,	'2020-07-27 21:20:43',	2),
(280,	'2020-07-20 11:21:03',	'531/DO/VII/2020',	'M 9052 VE',	14,	10000,	10490,	200,	'PT. Sumatraco',	'2020-07-22 22:51:48',	2,	'2020-07-27 21:21:03',	2),
(281,	'2020-07-20 11:21:13',	'531/DO/VII/2020',	'M 8617 WD',	14,	10000,	10540,	200,	'PT. Sumatraco',	'2020-07-22 22:52:12',	2,	'2020-07-27 21:21:13',	2),
(282,	'2020-07-20 11:21:27',	'531/DO/VII/2020',	'L 9648 UY',	14,	22000,	23000,	440,	'PT. Sumatraco',	'2020-07-22 22:54:10',	2,	'2020-07-27 21:21:27',	2),
(283,	'2020-07-21 11:22:02',	'531/DO/VII/2020',	'L 8056 UZ',	14,	22000,	22630,	440,	'PT. Sumatraco',	'2020-07-22 22:54:36',	2,	'2020-07-27 21:22:02',	2),
(284,	'2020-07-22 11:22:25',	'531/DO/VII/2020',	'L 8017 UV',	14,	22000,	22030,	440,	'PT. Sumatraco',	'2020-07-22 22:55:02',	2,	'2020-07-27 21:22:25',	2),
(285,	'2020-07-22 11:22:37',	'531/DO/VII/2020',	'L 9095 UI',	14,	25000,	25190,	500,	'PT. Sumatraco',	'2020-07-22 22:55:43',	2,	'2020-07-27 21:22:37',	2),
(286,	'2020-07-24 10:27:26',	'436/DO/VI/2020',	'BG 8341 IB',	37,	40000,	40140,	800,	'CV. INTAN SUNGAI PALEMBANG',	'2020-07-25 11:07:19',	1,	'2020-07-27 20:27:26',	2),
(287,	'2020-07-24 10:27:10',	'436/DO/VI/2020',	'BG 8343 IB',	37,	24000,	24800,	480,	'CV. INTAN SUNGAI PALEMBANG',	'2020-07-25 11:08:08',	1,	'2020-07-27 20:27:10',	2),
(288,	'2020-07-23 11:23:28',	'531/DO/VII/2020',	'L 9255 UI',	14,	22500,	22790,	450,	'PT. Sumatraco',	'2020-07-25 11:47:53',	1,	'2020-07-27 21:23:28',	2),
(289,	'2020-07-23 11:23:41',	'531/DO/VII/2020',	'L 9837 UY',	14,	22500,	22690,	450,	'PT. Sumatraco',	'2020-07-25 11:48:44',	1,	'2020-07-27 21:23:41',	2),
(290,	'2020-07-23 11:23:54',	'531/DO/VII/2020',	'L 9629 UI',	14,	22500,	22540,	450,	'PT. Sumatraco',	'2020-07-25 11:49:20',	1,	'2020-07-27 21:23:54',	2),
(291,	'2020-07-24 11:24:21',	'531/DO/VII/2020',	'L 8925 UV',	14,	22500,	22990,	450,	'PT. Sumatraco',	'2020-07-25 11:49:59',	1,	'2020-07-27 21:24:21',	2),
(292,	'2020-07-26 10:26:06',	'436/DO/VI/2020',	'L 9791 UI',	37,	22000,	22700,	440,	'DEPO TEMAS 55 SURABAYA',	'2020-07-25 19:32:36',	2,	'2020-07-27 20:26:06',	2),
(293,	'2020-07-26 10:26:47',	'436/DO/VI/2020',	'L 9634 UY',	37,	21750,	22070,	435,	'DEPO TEMAS 55 SURABAYA',	'2020-07-25 20:11:07',	2,	'2020-07-27 20:26:47',	2),
(294,	'2020-07-26 12:40:31',	'577/SPPG/UN/2020',	'M 8940 uv',	49,	10000,	10510,	200,	'CV.MEDIA UTAMA GROUP',	'2020-07-25 20:45:19',	3,	'2020-07-25 22:40:31',	1),
(298,	'2020-07-26 04:50:50',	'577/sppg/un/2020',	'M 8248 NG',	49,	10000,	10060,	200,	'CV.MEDIA UTAMA GROUP',	'2020-07-26 14:50:50',	3,	NULL,	NULL),
(299,	'2020-07-26 04:52:01',	'577/sppg/un/2020',	'M 8144 UV',	49,	10000,	9820,	200,	'CV.MEDIA UTAMA GROUP',	'2020-07-26 14:52:01',	3,	NULL,	NULL),
(300,	'2020-07-26 04:53:03',	'577/sppg/un/2020',	'M 8689 UN',	49,	10000,	10090,	200,	'CV.MEDIA UTAMA GROUP',	'2020-07-26 14:53:03',	3,	NULL,	NULL),
(301,	'2020-07-25 11:04:09',	'577/sppg/un/2020',	'M 9471 UN',	49,	10000,	10100,	200,	'CV.MEDIA UTAMA GROUP',	'2020-07-26 19:34:27',	3,	'2020-08-01 21:04:09',	1),
(302,	'2020-07-25 09:35:30',	'577/sppg/un/2020',	'M 9010 UN',	49,	10000,	10070,	200,	'CV.MEDIA UTAMA GROUP',	'2020-07-26 19:35:30',	3,	NULL,	NULL),
(303,	'2020-07-25 09:36:24',	'577/sppg/un/2020',	'M 9676 UN',	49,	10000,	9870,	200,	'CV.MEDIA UTAMA GROUP',	'2020-07-26 19:36:24',	3,	NULL,	NULL),
(304,	'2020-07-25 00:03:07',	'476/SPPG/VI/2020',	'M 8248 NC',	59,	10000,	10790,	200,	'CV.MEDIA UTAMA GROUP',	'2020-07-27 10:03:07',	3,	NULL,	NULL),
(305,	'2020-07-25 00:04:27',	'476/SPPG/VI/2020',	'M 9010 UN',	59,	10000,	10300,	200,	'CV.MEDIA UTAMA GROUP',	'2020-07-27 10:04:27',	3,	NULL,	NULL),
(306,	'2020-07-25 00:22:42',	'476/SPPG/VI/2020',	'M 9676 UN',	59,	10000,	10330,	200,	'CV.MEDIA UTAMA GROUP',	'2020-07-27 10:22:42',	3,	NULL,	NULL),
(307,	'2020-07-26 00:28:38',	'476/SPPG/VI/2020',	'M 8255 UN',	59,	10000,	9870,	200,	'CV.MEDIA UTAMA GROUP',	'2020-07-27 10:28:38',	3,	NULL,	NULL),
(311,	'2020-07-18 09:27:40',	'476/SPPG/VI/2020',	'M 8254 NC',	59,	10000,	10520,	200,	'CV.MEDIA UTAMA GROUP',	'2020-07-27 19:27:40',	3,	NULL,	NULL),
(312,	'2020-07-18 09:28:24',	'476/SPPG/VI/2020',	'M 9672 UN',	59,	10000,	10330,	200,	'CV.MEDIA UTAMA GROUP',	'2020-07-27 19:28:24',	3,	NULL,	NULL),
(313,	'2020-07-18 09:29:27',	'476/SPPG/VI/2020',	'M 8248 NC',	59,	10000,	10470,	200,	'CV.MEDIA UTAMA GROUP',	'2020-07-27 19:29:27',	3,	NULL,	NULL),
(314,	'2020-07-18 09:30:47',	'476/SPPG/VI/2020',	'L 9350 UQ',	59,	10000,	9860,	200,	'CV.MEDIA UTAMA GROUP',	'2020-07-27 19:30:47',	3,	NULL,	NULL),
(315,	'2020-07-18 09:31:30',	'476/SPPG/VI/2020',	'M 8689 UN',	59,	10000,	10120,	200,	'CV.MEDIA UTAMA GROUP',	'2020-07-27 19:31:30',	3,	NULL,	NULL),
(316,	'2020-07-23 09:33:46',	'476/SPPG/VI/2020',	'M 8254 NC',	59,	10000,	10120,	200,	'CV.MEDIA UTAMA GROUP',	'2020-07-27 19:33:46',	3,	NULL,	NULL),
(317,	'2020-07-23 09:34:25',	'476/SPPG/VI/2020',	'M 9676 UN',	59,	10000,	9928,	200,	'CV.MEDIA UTAMA GROUP',	'2020-07-27 19:34:25',	3,	NULL,	NULL),
(318,	'2020-07-23 09:35:36',	'476/SPPG/VI/2020',	'M 8940 uv',	59,	10000,	9760,	200,	'CV.MEDIA UTAMA GROUP',	'2020-07-27 19:35:36',	3,	NULL,	NULL),
(319,	'2020-07-23 09:37:26',	'476/SPPG/VI/2020',	'M 9962 UN',	59,	10000,	10250,	200,	'CV.MEDIA UTAMA GROUP',	'2020-07-27 19:37:26',	3,	NULL,	NULL),
(320,	'2020-07-23 09:39:01',	'476/SPPG/VI/2020',	'M 9672 UN',	59,	10000,	10140,	200,	'CV.MEDIA UTAMA GROUP',	'2020-07-27 19:39:01',	3,	NULL,	NULL),
(321,	'2020-07-26 09:40:21',	'476/SPPG/VI/2020',	'M 9672 UN',	59,	10000,	1010,	200,	'CV.MEDIA UTAMA GROUP',	'2020-07-27 19:40:21',	3,	NULL,	NULL),
(322,	'2020-07-26 09:41:34',	'476/SPPG/VI/2020',	'M 9676 UN',	59,	10000,	10190,	200,	'CV.MEDIA UTAMA GROUP',	'2020-07-27 19:41:34',	3,	NULL,	NULL),
(323,	'2020-07-26 09:42:37',	'476/SPPG/VI/2020',	'L 9350 UQ',	59,	10000,	10230,	200,	'CV.MEDIA UTAMA GROUP',	'2020-07-27 19:42:37',	3,	NULL,	NULL),
(324,	'2020-07-27 09:43:43',	'476/SPPG/VI/2020',	'M 8738 UN',	59,	10000,	10340,	200,	'CV.MEDIA UTAMA GROUP',	'2020-07-27 19:43:43',	3,	NULL,	NULL),
(325,	'2020-07-26 09:44:25',	'476/SPPG/VI/2020',	'M 8144 UV',	59,	10000,	10750,	200,	'CV.MEDIA UTAMA GROUP',	'2020-07-27 19:44:25',	3,	NULL,	NULL),
(326,	'2020-07-26 09:45:44',	'476/SPPG/VI/2020',	'M 8689 UN',	59,	10000,	10740,	200,	'CV.MEDIA UTAMA GROUP',	'2020-07-27 19:45:44',	3,	NULL,	NULL),
(327,	'2020-07-26 09:46:11',	'476/SPPG/VI/2020',	'M 8689 UN',	59,	10000,	10340,	200,	'CV.MEDIA UTAMA GROUP',	'2020-07-27 19:46:11',	3,	NULL,	NULL),
(328,	'2020-07-02 10:48:46',	'436/DO/VI/2020',	'BE 9804 AJ',	37,	22000,	22690,	440,	'CV. IKAN MAS CIKARANG',	'2020-07-27 20:48:46',	2,	NULL,	NULL),
(329,	'2020-07-26 10:24:57',	'436/DO/VI/2020',	'L 8490 UD',	37,	21750,	22020,	435,	'DEPO TEMAS 55 SURABAYA',	'2020-07-29 20:19:00',	2,	'2020-07-29 20:24:57',	2),
(330,	'2020-07-26 10:29:50',	'436/DO/VI/2020',	'M 8646 UV',	37,	10000,	10170,	200,	'DEPO TEMAS 55 SURABAYA',	'2020-07-29 20:27:31',	2,	'2020-07-29 20:29:50',	2),
(331,	'2020-07-26 10:28:43',	'436/DO/VI/2020',	'M 9205 VD',	37,	10000,	10010,	200,	'DEPO TEMAS 55 SURABAYA',	'2020-07-29 20:28:43',	2,	NULL,	NULL),
(332,	'2020-07-26 10:31:40',	'436/DO/VI/2020',	'M 8270 UV',	37,	21000,	21380,	420,	'DEPO TEMAS 55 SURABAYA',	'2020-07-29 20:31:40',	2,	NULL,	NULL),
(333,	'2020-07-26 10:32:13',	'436/DO/VI/2020',	'M 8151 UV',	37,	21000,	21150,	420,	'DEPO TEMAS 55 SURABAYA',	'2020-07-29 20:32:13',	2,	NULL,	NULL),
(334,	'2020-07-27 20:26:52',	'574/DO/VII/2020',	'L 9095 UI',	13,	23500,	24380,	470,	'PT. Sumatraco',	'2020-08-01 06:26:52',	1,	NULL,	NULL),
(335,	'2020-07-27 20:27:40',	'574/DO/VII/2020',	'L 8017 UV',	13,	21500,	22480,	430,	'PT. Sumatraco',	'2020-08-01 06:27:40',	1,	NULL,	NULL),
(336,	'2020-07-27 08:12:26',	'574/DO/VII/2020',	'E 9552 AC',	13,	35000,	36550,	700,	'LOSARANG',	'2020-08-01 06:28:42',	1,	'2020-08-09 18:12:26',	1),
(337,	'2020-07-29 20:36:14',	'531/DO/VII/2020',	'B 9373 PYU',	14,	37500,	37510,	750,	'Bekasi',	'2020-08-01 06:30:51',	1,	'2020-08-01 06:36:14',	1),
(338,	'2020-07-29 20:36:32',	'531/DO/VII/2020',	'BM 9510 EU',	14,	37500,	37540,	750,	'CV. IKAN MAS CIKARANG',	'2020-08-01 06:31:31',	1,	'2020-08-01 06:36:32',	1),
(341,	'2020-08-03 08:39:51',	'574/DO/VII/2020',	'B 9102 TYV',	13,	35000,	36560,	700,	'LOSARANG',	'2020-08-03 18:39:51',	2,	NULL,	NULL),
(342,	'2020-08-03 09:01:12',	'616/DO/VII/2020',	'L 9525 UI',	34,	35000,	37750,	700,	'PT. Sumatraco',	'2020-08-03 19:01:12',	2,	NULL,	NULL),
(343,	'2020-08-03 09:01:56',	'616/DO/VII/2020',	'L9629 UI',	34,	23000,	24660,	460,	'PT. Sumatraco',	'2020-08-03 19:01:56',	2,	NULL,	NULL),
(344,	'2020-08-06 20:56:09',	'436/DO/VI/2020',	'L 8056 UZ',	37,	21250,	21290,	425,	'DEPO TEMAS 55 SURABAYA',	'2020-08-06 06:56:09',	1,	NULL,	NULL),
(345,	'2020-08-06 20:58:17',	'436/DO/VI/2020',	'L 9791 UI',	37,	21500,	21620,	430,	'DEPO TEMAS 55 SURABAYA',	'2020-08-06 06:58:17',	1,	NULL,	NULL),
(346,	'2020-08-06 20:59:17',	'436/DO/VI/2020',	'M 8151 UV',	37,	21000,	21070,	420,	'DEPO TEMAS 55 SURABAYA',	'2020-08-06 06:59:17',	1,	NULL,	NULL),
(347,	'2020-08-06 21:00:27',	'436/DO/VI/2020',	'L 9107 UI',	37,	21250,	21490,	425,	'DEPO TEMAS 55 SURABAYA',	'2020-08-06 07:00:27',	1,	NULL,	NULL),
(348,	'2020-08-06 21:01:20',	'436/DO/VI/2020',	'M 8260 UG',	37,	10000,	10060,	200,	'DEPO TEMAS 55 SURABAYA',	'2020-08-06 07:01:20',	1,	NULL,	NULL),
(349,	'2020-08-06 21:02:31',	'436/DO/VI/2020',	'M 8862 UV',	37,	10000,	10080,	200,	'DEPO TEMAS 55 SURABAYA',	'2020-08-06 07:02:31',	1,	NULL,	NULL),
(350,	'2020-08-04 21:07:09',	'436/DO/VI/2020',	'E 9241 E',	37,	35000,	35800,	700,	'LOSARANG',	'2020-08-06 07:07:09',	1,	NULL,	NULL),
(351,	'2020-08-04 08:07:44',	'436/DO/VI/2020',	'M 8621 UG',	37,	20000,	20100,	400,	'CV. IKAN MAS CIKARANG',	'2020-08-06 07:09:40',	1,	'2020-08-09 18:07:44',	1),
(352,	'2020-08-06 08:05:57',	'616/DO/VII/2020',	'L 8124 uk',	34,	35000,	36910,	700,	'PT. Sumatraco',	'2020-08-06 07:12:17',	1,	'2020-08-21 18:05:57',	1),
(353,	'2020-08-04 23:54:17',	'616/DO/VII/2020',	'L 9634 UY',	34,	22000,	23260,	440,	'PT. Sumatraco',	'2020-08-06 07:12:59',	1,	'2020-08-06 09:54:17',	1),
(354,	'2020-08-07 08:26:48',	'616/DO/VII/2020',	'L 9225 UI',	34,	35000,	36750,	700,	'PT. Sumatraco',	'2020-08-09 18:22:52',	2,	'2020-08-09 18:26:48',	2),
(355,	'2020-08-07 08:26:11',	'616/DO/VII/2020',	'L 9648 UY',	34,	22000,	23140,	440,	'PT. Sumatraco',	'2020-08-09 18:26:11',	2,	NULL,	NULL),
(356,	'2020-08-07 08:28:54',	'616/DO/VII/2020',	'L 9629 UI',	34,	22500,	24170,	450,	'PT. Sumatraco',	'2020-08-09 18:28:29',	2,	'2020-08-09 18:28:54',	2),
(357,	'2020-08-07 08:30:13',	'616/DO/VII/2020',	'L 9255 UI',	34,	22500,	23450,	450,	'PT. Sumatraco',	'2020-08-09 18:30:13',	2,	NULL,	NULL),
(358,	'2020-08-09 08:32:11',	'616/DO/VII/2020',	'L 9095 UI',	34,	22000,	24120,	440,	'PT. Sumatraco',	'2020-08-09 18:32:11',	2,	NULL,	NULL),
(359,	'2020-08-09 08:33:01',	'616/DO/VII/2020',	'M 9270 UV',	34,	22000,	23150,	440,	'PT. Sumatraco',	'2020-08-09 18:33:01',	2,	NULL,	NULL),
(360,	'2020-08-09 08:33:30',	'616/DO/VII/2020',	'L 9791 UI',	34,	22000,	23740,	440,	'PT. Sumatraco',	'2020-08-09 18:33:30',	2,	NULL,	NULL),
(361,	'2020-08-09 08:34:01',	'616/DO/VII/2020',	'L 9634 UY',	34,	22000,	22800,	440,	'PT. Sumatraco',	'2020-08-09 18:34:01',	2,	NULL,	NULL),
(362,	'2020-08-06 08:39:29',	'436/DO/VI/2020',	'B 9511 FP',	37,	25000,	25330,	500,	'CV. IKAN MAS CIKARANG',	'2020-08-09 18:39:29',	2,	NULL,	NULL),
(363,	'2020-08-06 08:40:11',	'436/DO/VI/2020',	'B 9057 FO',	37,	25000,	25140,	500,	'CV. IKAN MAS CIKARANG',	'2020-08-09 18:40:11',	2,	NULL,	NULL),
(364,	'2020-08-02 08:58:28',	'531/DO/VII/2020',	'M 8270 UV',	14,	22000,	22030,	440,	'PT. Sumatraco',	'2020-08-09 18:58:28',	1,	NULL,	NULL),
(365,	'2020-08-09 12:57:14',	'616/DO/VII/2020',	'M 9285 VD',	34,	10000,	10600,	200,	'PT. Sumatraco',	'2020-08-11 22:57:14',	2,	NULL,	NULL),
(366,	'2020-08-09 12:57:48',	'616/DO/VII/2020',	'M 8617 WB',	34,	10000,	10920,	200,	'PT. Sumatraco',	'2020-08-11 22:57:48',	2,	NULL,	NULL),
(367,	'2020-08-10 12:58:40',	'616/DO/VII/2020',	'L 8990 UM',	34,	22000,	22000,	440,	'PT. Sumatraco',	'2020-08-11 22:58:40',	2,	NULL,	NULL),
(368,	'2020-08-10 12:59:05',	'616/DO/VII/2020',	'M 8036 UZ',	34,	22000,	23590,	440,	'PT. Sumatraco',	'2020-08-11 22:59:05',	2,	NULL,	NULL),
(369,	'2020-08-10 13:04:29',	'436/DO/VI/2020',	'M 8151 UV',	37,	21000,	21040,	420,	'DEPO TEMAS 55 SURABAYA',	'2020-08-11 23:04:29',	2,	NULL,	NULL),
(370,	'2020-08-10 13:06:41',	'436/DO/VI/2020',	'L 8698 UI',	37,	31500,	32450,	630,	'DEPO TEMAS 55 SURABAYA',	'2020-08-11 23:06:41',	2,	NULL,	NULL),
(371,	'2020-08-12 09:24:20',	'616/DO/VII/2020',	'L 8925 UV',	34,	22500,	23580,	450,	'PT. Sumatraco',	'2020-08-17 19:24:20',	2,	NULL,	NULL),
(372,	'2020-08-12 09:24:59',	'616/DO/VII/2020',	'M 8270 UV',	34,	21500,	22520,	430,	'PT. Sumatraco',	'2020-08-17 19:24:59',	2,	NULL,	NULL),
(373,	'2020-08-17 09:31:16',	'436/DO/VI/2020',	'L 9629 UI',	37,	20500,	21180,	410,	'DEPO TEMAS 55 SURABAYA',	'2020-08-17 19:31:16',	2,	NULL,	NULL),
(374,	'2020-08-17 09:32:01',	'436/DO/VI/2020',	'M 8617 WD',	37,	10000,	10160,	200,	'DEPO TEMAS 55 SURABAYA',	'2020-08-17 19:32:01',	2,	NULL,	NULL),
(375,	'2020-08-17 09:32:55',	'436/DO/VI/2020',	'M 8453 UV',	37,	10000,	10050,	200,	'DEPO TEMAS 55 SURABAYA',	'2020-08-17 19:32:55',	2,	NULL,	NULL),
(376,	'2020-08-17 09:33:34',	'436/DO/VI/2020',	'L 9791 UI',	37,	21000,	21100,	420,	'DEPO TEMAS 55 SURABAYA',	'2020-08-17 19:33:34',	2,	NULL,	NULL),
(377,	'2020-08-17 09:34:09',	'436/DO/VI/2020',	'M 8270 UV',	37,	21000,	21170,	420,	'DEPO TEMAS 55 SURABAYA',	'2020-08-17 19:34:09',	2,	NULL,	NULL),
(378,	'2020-08-17 09:34:32',	'436/DO/VI/2020',	'M 8151 UV',	37,	21000,	21350,	420,	'DEPO TEMAS 55 SURABAYA',	'2020-08-17 19:34:32',	2,	NULL,	NULL),
(379,	'2020-08-14 09:40:31',	'574/DO/VII/2020',	'BG 8095 IH',	13,	22000,	23310,	440,	'CV. INTAN SUNGAI PALEMBANG',	'2020-08-17 19:38:11',	2,	'2020-08-17 19:40:31',	2),
(380,	'2020-08-14 09:40:45',	'574/DO/VII/2020',	'B 9734 OI',	13,	22000,	23100,	440,	'CV. INTAN SUNGAI PALEMBANG',	'2020-08-17 19:38:37',	2,	'2020-08-17 19:40:45',	2);

DELIMITER ;;

CREATE TRIGGER `pengeluaran_ai` AFTER INSERT ON `pengeluaran` FOR EACH ROW
BEGIN
update garam_gudang a set a.stok= (a.stok- NEW.tonase), a.keluar = (a.keluar + NEW.tonase) where id_garam_gudang = NEW.garam_gudang_id;
insert into garam_mutasi (garam_gudang_id,tipe,jumlah,referensi_id, created_at) values (NEW.garam_gudang_id,'out',NEW.tonase, NEW.id_pengeluaran, NEW.tanggal);
END;;

CREATE TRIGGER `pengeluaran_au` AFTER UPDATE ON `pengeluaran` FOR EACH ROW
begin
update garam_gudang a set a.stok= (a.stok- NEW.tonase + OLD.tonase), a.keluar= (a.keluar+ NEW.tonase + OLD.tonase)  where id_garam_gudang = NEW.garam_gudang_id;
update garam_mutasi set jumlah= NEW.tonase , created_at = NEW.tanggal where referensi_id = OLD.id_pengeluaran and tipe like 'out';
end;;

CREATE TRIGGER `pengeluaran_ad` AFTER DELETE ON `pengeluaran` FOR EACH ROW
BEGIN

update garam_gudang a set a.stok= (a.stok+ OLD.tonase), a.keluar= (a.keluar - OLD.tonase) where id_garam_gudang = OLD.garam_gudang_id;
delete from garam_mutasi where tipe like 'out' and referensi_id = OLD.id_pengeluaran;
END;;

DELIMITER ;

DROP TABLE IF EXISTS `users`;
CREATE TABLE `users` (
  `id` int(11) NOT NULL AUTO_INCREMENT,
  `ip_address` varchar(45) NOT NULL,
  `username` varchar(100) DEFAULT NULL,
  `password` varchar(255) NOT NULL,
  `email` varchar(254) NOT NULL,
  `activation_selector` varchar(255) DEFAULT NULL,
  `activation_code` varchar(255) DEFAULT NULL,
  `forgotten_password_selector` varchar(255) DEFAULT NULL,
  `forgotten_password_code` varchar(255) DEFAULT NULL,
  `forgotten_password_time` int(11) unsigned DEFAULT NULL,
  `remember_selector` varchar(255) DEFAULT NULL,
  `remember_code` varchar(255) DEFAULT NULL,
  `created_on` int(11) unsigned NOT NULL,
  `last_login` int(11) unsigned DEFAULT NULL,
  `active` tinyint(1) unsigned DEFAULT NULL,
  `first_name` varchar(50) DEFAULT NULL,
  `last_name` varchar(50) DEFAULT NULL,
  `company` varchar(100) DEFAULT NULL,
  `phone` varchar(20) DEFAULT NULL,
  `created_by` int(11) DEFAULT NULL,
  `created_at` timestamp NULL DEFAULT NULL,
  `updated_by` int(11) DEFAULT NULL,
  `updated_at` timestamp NULL DEFAULT NULL ON UPDATE CURRENT_TIMESTAMP,
  PRIMARY KEY (`id`) USING BTREE,
  UNIQUE KEY `uc_email` (`email`) USING BTREE,
  UNIQUE KEY `uc_activation_selector` (`activation_selector`) USING BTREE,
  UNIQUE KEY `uc_forgotten_password_selector` (`forgotten_password_selector`) USING BTREE,
  UNIQUE KEY `uc_remember_selector` (`remember_selector`) USING BTREE
) ENGINE=InnoDB AUTO_INCREMENT=4 DEFAULT CHARSET=utf8 ROW_FORMAT=DYNAMIC;

INSERT INTO `users` (`id`, `ip_address`, `username`, `password`, `email`, `activation_selector`, `activation_code`, `forgotten_password_selector`, `forgotten_password_code`, `forgotten_password_time`, `remember_selector`, `remember_code`, `created_on`, `last_login`, `active`, `first_name`, `last_name`, `company`, `phone`, `created_by`, `created_at`, `updated_by`, `updated_at`) VALUES
(1,	'127.0.0.1',	'administrator',	'$argon2i$v=19$m=16384,t=4,p=2$NVpTby9RcHdBekhFaGp0Tw$Cm1+K8L6EsBqeInQNGam37Pt17kqE4jj1DmeBlAETto',	'admin@app.com',	'',	'',	NULL,	NULL,	NULL,	NULL,	NULL,	1268889823,	1598845429,	1,	'Admin',	'istrator',	'ADMIN',	'0',	NULL,	NULL,	1,	'2020-08-31 03:43:49'),
(2,	'127.0.0.1',	'Operator',	'$argon2i$v=19$m=4096,t=2,p=2$Ujh3eEY0VEszNVVQbHVRQQ$m0H8wT59zE5mbxtVqH4lpjbK/qKvFzeM244FQKnPsYc',	'boelchan@live.com',	NULL,	NULL,	NULL,	NULL,	NULL,	NULL,	NULL,	0,	1595756422,	1,	'operator',	NULL,	NULL,	NULL,	NULL,	NULL,	1,	'2020-07-26 09:40:22'),
(3,	'',	NULL,	'$argon2i$v=19$m=4096,t=2,p=2$MGVISHVlQXdCLmU3amg4eg$TK2G08Ob9Wec+AkJNDLL+kToyqzK5bTsHutDRbG0ypU',	'penjualan@app.com',	NULL,	NULL,	NULL,	NULL,	NULL,	NULL,	NULL,	0,	1595756766,	1,	'Achmad',	NULL,	NULL,	NULL,	1,	'2020-07-17 04:36:58',	1,	'2020-07-26 09:46:06');

DROP TABLE IF EXISTS `users_groups`;
CREATE TABLE `users_groups` (
  `id` int(11) NOT NULL AUTO_INCREMENT,
  `user_id` int(11) NOT NULL,
  `group_id` mediumint(8) unsigned NOT NULL,
  `wilayah_id` int(11) DEFAULT NULL,
  `created_by` int(11) DEFAULT NULL,
  `created_at` timestamp NULL DEFAULT NULL,
  `updated_by` int(11) DEFAULT NULL,
  `updated_at` timestamp NULL DEFAULT NULL ON UPDATE CURRENT_TIMESTAMP,
  PRIMARY KEY (`id`) USING BTREE,
  UNIQUE KEY `uc_users_groups` (`user_id`,`group_id`) USING BTREE,
  KEY `fk_users_groups_users1_idx` (`user_id`) USING BTREE,
  KEY `fk_users_groups_groups1_idx` (`group_id`) USING BTREE,
  KEY `users_groups_ibfk_1` (`wilayah_id`) USING BTREE,
  CONSTRAINT `users_groups_ibfk_1` FOREIGN KEY (`group_id`) REFERENCES `groups` (`id`) ON DELETE CASCADE ON UPDATE NO ACTION,
  CONSTRAINT `users_groups_ibfk_2` FOREIGN KEY (`wilayah_id`) REFERENCES `m_wilayah` (`id_wilayah`) ON DELETE CASCADE ON UPDATE NO ACTION,
  CONSTRAINT `users_groups_ibfk_3` FOREIGN KEY (`user_id`) REFERENCES `users` (`id`)
) ENGINE=InnoDB AUTO_INCREMENT=13 DEFAULT CHARSET=utf8 ROW_FORMAT=DYNAMIC;

INSERT INTO `users_groups` (`id`, `user_id`, `group_id`, `wilayah_id`, `created_by`, `created_at`, `updated_by`, `updated_at`) VALUES
(1,	1,	1,	1,	NULL,	NULL,	NULL,	'2020-07-17 07:23:54'),
(11,	3,	2,	1,	1,	'2020-07-17 07:35:37',	NULL,	NULL),
(12,	2,	2,	3,	1,	'2020-07-26 09:39:52',	NULL,	NULL);

DROP VIEW IF EXISTS `v_inventori_all`;
CREATE TABLE `v_inventori_all` (`wilayah_id` int(11), `nama_wilayah` char(40), `nama_kualitas` varchar(50), `sisa` double, `keluar` double, `masuk` double);


DROP VIEW IF EXISTS `v_sisa_do`;
CREATE TABLE `v_sisa_do` (`no_spjg` varchar(30), `nama_kualitas` varchar(50), `pemasukan` double, `pengeluaran` double, `sisa` double);


DROP TABLE IF EXISTS `v_inventori_all`;
CREATE ALGORITHM=UNDEFINED SQL SECURITY DEFINER VIEW `v_inventori_all` AS select `m_kantor`.`wilayah_id` AS `wilayah_id`,`m_wilayah`.`nama_wilayah` AS `nama_wilayah`,`m_kualitas`.`nama_kualitas` AS `nama_kualitas`,sum(`garam_gudang`.`stok`) AS `sisa`,sum(`garam_gudang`.`keluar`) AS `keluar`,sum(`garam_gudang`.`masuk`) AS `masuk` from ((((`garam_gudang` join `m_kualitas` on((`garam_gudang`.`kualitas_id` = `m_kualitas`.`id_kualitas`))) join `m_gudang` on((`garam_gudang`.`gudang_id` = `m_gudang`.`id_gudang`))) join `m_kantor` on((`m_gudang`.`kantor_id` = `m_kantor`.`id_kantor`))) join `m_wilayah` on((`m_kantor`.`wilayah_id` = `m_wilayah`.`id_wilayah`))) group by `m_kantor`.`wilayah_id`,`garam_gudang`.`kualitas_id` order by `m_kantor`.`wilayah_id`,`garam_gudang`.`kualitas_id`;

DROP TABLE IF EXISTS `v_sisa_do`;
CREATE ALGORITHM=UNDEFINED SQL SECURITY DEFINER VIEW `v_sisa_do` AS select `a`.`no_spjg` AS `no_spjg`,`m_kualitas`.`nama_kualitas` AS `nama_kualitas`,sum(`a`.`tonase`) AS `pemasukan`,(select ifnull(sum(`b`.`tonase`),0) from `pengeluaran` `b` where (`b`.`no_spjg` like `a`.`no_spjg`)) AS `pengeluaran`,(sum(`a`.`tonase`) - (select ifnull(sum(`b`.`tonase`),0) from `pengeluaran` `b` where (`b`.`no_spjg` like `a`.`no_spjg`))) AS `sisa` from ((`pemasukan` `a` left join `garam_gudang` on((`a`.`garam_gudang_id` = `garam_gudang`.`id_garam_gudang`))) left join `m_kualitas` on((`garam_gudang`.`kualitas_id` = `m_kualitas`.`id_kualitas`))) group by `a`.`no_spjg`;

-- 2020-09-01 01:58:43
